AUDITUSER,AUDITTIMESTAMP,DATESTAMP,CURVALUE,TEXTVALUE,VARID,STATUS,ACTION,OLDVALUE,OLDTEXTVALUE
---------,--------------,---------,--------,---------,-----,------,------,--------,------------
NARANJODL,"2025-08-29 09:17:16.973","2025-08-01 08:15:00.000",1.0,"TEST TEST TEST SYNC",1535,0,1,NULL,NULL
NARANJODL,"2025-08-29 10:45:25.833","2025-08-29 07:00:00.000",1.0,777777777,1193,0,1,NULL,NULL
naranjodl,"2025-08-29 10:44:34.850","2025-08-29 00:00:00.000",555555584.0,555555555,1194,0,1,NULL,NULL
naranjodl,"2025-08-29 11:08:19.943","2025-08-29 06:15:00.000",1.0,3333333333,1193,0,1,NULL,NULL
AngelaKilpatrick,"2025-09-02 09:15:41.247","2025-09-02 09:00:00.000",0.0,0,1525,0,1,NULL,NULL
AngelaKilpatrick,"2025-09-02 09:18:16.977","2025-09-02 09:00:00.000",1.0,10925,1547,0,1,NULL,NULL
AngelaKilpatrick,"2025-09-02 09:54:06.003","2025-09-02 09:45:00.000",0.29999999999999999,0.3,1526,0,1,NULL,NULL
AngelaKilpatrick,"2025-09-02 09:55:51.120","2025-09-02 09:45:00.000",1.0,10925,1548,0,1,NULL,NULL
AngelaKilpatrick,"2025-09-02 09:56:12.010","2025-09-02 09:45:00.000",25.699999999999999,25.7,1553,0,1,NULL,NULL
AngelaKilpatrick,"2025-09-02 09:59:22.943","2025-09-02 09:45:00.000",9520.0,9520,1560,0,1,NULL,NULL
AngelaKilpatrick,"2025-09-02 09:57:27.057","2025-09-02 09:45:00.000",0.02,0.02,1568,0,1,NULL,NULL
AngelaKilpatrick,"2025-09-02 09:57:48.100","2025-09-02 09:45:00.000",0.29999999999999999,0.3,1573,0,1,NULL,NULL
AngelaKilpatrick,"2025-09-02 11:45:39.040","2025-09-02 11:30:00.000",0.29999999999999999,0.3,2783,0,1,NULL,NULL
AngelaKilpatrick,"2025-09-02 11:44:07.873","2025-09-02 11:30:00.000",1.0,21287,2794,0,1,NULL,NULL
AngelaKilpatrick,"2025-09-02 11:44:41.800","2025-09-02 11:30:00.000",28.899999999999999,28.9,2797,0,1,NULL,NULL
AngelaKilpatrick,"2025-09-02 11:44:54.003","2025-09-02 11:30:00.000",0.59999999999999998,0.6,2804,0,1,NULL,NULL
AngelaKilpatrick,"2025-09-02 11:45:13.100","2025-09-02 11:30:00.000",0.11,0.11,2812,0,1,NULL,NULL
AngelaKilpatrick,"2025-09-02 11:45:31.297","2025-09-02 11:30:00.000",1.1000000000000001,1.1,2817,0,1,NULL,NULL
seymourrd,"2025-09-10 08:45:41.937","2025-09-10 08:30:00.000",1.0,840,2539,0,1,NULL,NULL
seymourrd,"2025-09-10 08:46:26.353","2025-09-10 08:30:00.000",21.5,21.5,2552,0,1,NULL,NULL
seymourrd,"2025-09-10 08:46:31.013","2025-09-10 08:30:00.000",0.37,0.37,2567,0,1,NULL,NULL
seymourrd,"2025-09-10 08:47:02.540","2025-09-10 08:30:00.000",0.29999999999999999,0.3,2538,0,1,NULL,NULL
seymourrd,"2025-09-10 08:47:07.197","2025-09-10 08:30:00.000",23.800000000000001,23.8,2573,0,1,NULL,NULL
seymourrd,"2025-09-10 08:47:12.380","2025-09-10 08:30:00.000",7.4000000000000004,7.4,2554,0,1,NULL,NULL
seymourrd,"2025-09-10 08:47:20.390","2025-09-10 08:30:00.000",804.0,804,2571,0,1,NULL,NULL
seymourrd,"2025-09-10 08:47:27.300","2025-09-10 08:30:00.000",7.5,7.5,2565,0,1,NULL,NULL
seymourrd,"2025-09-10 09:59:21.627","2025-09-10 09:45:00.000",1.0,945,2649,0,1,NULL,NULL
seymourrd,"2025-09-10 10:00:04.830","2025-09-10 09:45:00.000",22.300000000000001,22.3,2674,0,1,NULL,NULL
seymourrd,"2025-09-10 10:00:11.063","2025-09-10 09:45:00.000",0.46000000000000002,0.46,2689,0,1,NULL,NULL
seymourrd,"2025-09-10 10:00:45.807","2025-09-10 09:45:00.000",0.20000000000000001,0.2,2694,0,1,NULL,NULL
seymourrd,"2025-09-10 10:00:53.750","2025-09-10 09:45:00.000",7.0000000000000007E-2,0.07,2647,0,1,NULL,NULL
seymourrd,"2025-09-10 10:00:59.837","2025-09-10 09:45:00.000",21.699999999999999,21.7,2695,0,1,NULL,NULL
seymourrd,"2025-09-10 10:01:03.030","2025-09-10 09:45:00.000",8.1999999999999993,8.2,2676,0,1,NULL,NULL
seymourrd,"2025-09-10 10:01:07.510","2025-09-10 09:45:00.000",462.0,462,2693,0,1,NULL,NULL
seymourrd,"2025-09-10 10:02:01.967","2025-09-10 09:45:00.000",8.0,8,2687,0,1,NULL,NULL
seymourrd,"2025-09-10 10:02:07.040","2025-09-10 09:45:00.000",9.9000000000000004,9.9,2681,0,1,NULL,NULL
seymourrd,"2025-09-10 11:11:44.257","2025-09-10 11:00:00.000",1.0,1100,2584,0,1,NULL,NULL
seymourrd,"2025-09-10 11:12:18.380","2025-09-10 11:00:00.000",27.5,27.5,2597,0,1,NULL,NULL
seymourrd,"2025-09-10 11:12:24.033","2025-09-10 11:00:00.000",0.27000000000000002,0.27,2612,0,1,NULL,NULL
seymourrd,"2025-09-10 11:12:29.377","2025-09-10 11:00:00.000",0.29999999999999999,0.3,2583,0,1,NULL,NULL
seymourrd,"2025-09-10 11:12:34.023","2025-09-10 11:00:00.000",25.800000000000001,25.8,2618,0,1,NULL,NULL
seymourrd,"2025-09-10 11:12:38.393","2025-09-10 11:00:00.000",5.9000000000000004,5.9,2599,0,1,NULL,NULL
seymourrd,"2025-09-10 11:12:42.753","2025-09-10 11:00:00.000",350.0,350,2616,0,1,NULL,NULL
seymourrd,"2025-09-10 11:12:49.100","2025-09-10 11:00:00.000",7.5999999999999996,7.6,2610,0,1,NULL,NULL
seymourrd,"2025-09-10 11:12:52.700","2025-09-10 11:00:00.000",174.80000000000001,174.8,2604,0,1,NULL,NULL
seymourrd,"2025-09-10 12:08:21.180","2025-09-10 12:00:00.000",1.0,1200,1237,0,1,NULL,NULL
seymourrd,"2025-09-10 12:08:56.017","2025-09-10 12:00:00.000",29.5,29.5,1250,0,1,NULL,NULL
seymourrd,"2025-09-10 12:08:59.867","2025-09-10 12:00:00.000",0.17000000000000001,0.17,1265,0,1,NULL,NULL
seymourrd,"2025-09-10 12:09:06.527","2025-09-10 12:00:00.000",0.29999999999999999,0.3,1236,0,1,NULL,NULL
seymourrd,"2025-09-10 12:09:10.843","2025-09-10 12:00:00.000",25.300000000000001,25.3,1271,0,1,NULL,NULL
seymourrd,"2025-09-10 12:09:16.533","2025-09-10 12:00:00.000",8.9000000000000004,8.9,1252,0,1,NULL,NULL
seymourrd,"2025-09-10 12:09:23.340","2025-09-10 12:00:00.000",559.0,559,1269,0,1,NULL,NULL
seymourrd,"2025-09-10 12:09:31.487","2025-09-10 12:00:00.000",7.9000000000000004,7.9,1263,0,1,NULL,NULL
seymourrd,"2025-09-10 12:09:43.407","2025-09-10 12:00:00.000",2.3999999999999999,2.4,1257,0,1,NULL,NULL
naranjodl,"2025-09-11 07:47:50.283","2025-09-11 07:45:00.000",99999.0,99999,2552,0,1,NULL,NULL
naranjodl,"2025-09-11 07:47:55.417","2025-09-11 07:45:00.000",9999999.0,9999999,2553,0,1,NULL,NULL
naranjodl,"2025-09-11 07:48:17.297","2025-09-11 07:45:00.000",99.0,99,2538,0,1,NULL,NULL
naranjodl,"2025-09-11 07:49:29.703","2025-09-11 07:45:00.000",9999.0,9999,2555,0,1,NULL,NULL
naranjodl,"2025-09-11 07:48:52.927","2025-09-11 07:45:00.000",9999999.0,9999999,2556,0,1,NULL,NULL
naranjodl,"2025-09-11 07:48:41.100","2025-09-11 07:45:00.000",99999.0,99999,2559,0,1,NULL,NULL
naranjodl,"2025-09-11 07:49:03.840","2025-09-11 07:45:00.000",99999.0,99999,2560,0,1,NULL,NULL
naranjodl,"2025-09-11 07:49:17.110","2025-09-11 07:45:00.000",99999.0,99999,2561,0,1,NULL,NULL
naranjodl,"2025-09-11 07:49:53.707","2025-09-11 07:45:00.000",9999.0,9999,2547,0,1,NULL,NULL
naranjodl,"2025-09-11 07:49:01.827","2025-09-11 07:45:00.000",99999.0,99999,2562,0,1,NULL,NULL
naranjodl,"2025-09-11 07:49:20.837","2025-09-11 07:45:00.000",99999.0,99999,2566,0,1,NULL,NULL
naranjodl,"2025-09-11 07:48:10.440","2025-09-11 07:45:00.000",99.0,99,2567,0,1,NULL,NULL
naranjodl,"2025-09-11 07:48:14.287","2025-09-11 07:45:00.000",99.0,99,2572,0,1,NULL,NULL
AngelaKilpatrick,"2025-09-11 07:48:07.617","2025-09-11 07:45:00.000",25.399999999999999,25.4,2674,0,1,NULL,NULL
AngelaKilpatrick,"2025-09-11 07:48:10.113","2025-09-11 07:45:00.000",8.0,8,2675,0,1,NULL,NULL
AngelaKilpatrick,"2025-09-11 07:48:18.413","2025-09-11 07:45:00.000",0.29999999999999999,0.3,2647,0,1,NULL,NULL
AngelaKilpatrick,"2025-09-11 07:47:41.050","2025-09-11 07:45:00.000",1.0,915,2649,0,1,NULL,NULL
AngelaKilpatrick,"2025-09-11 07:48:36.597","2025-09-11 07:45:00.000",125.0,125,2681,0,1,NULL,NULL
AngelaKilpatrick,"2025-09-11 07:48:13.430","2025-09-11 07:45:00.000",5.0000000000000003E-2,0.05,2689,0,1,NULL,NULL
AngelaKilpatrick,"2025-09-11 07:47:29.557","2025-09-11 07:45:00.000",1.0,20289,2669,0,1,NULL,NULL
AngelaKilpatrick,"2025-09-11 07:48:15.530","2025-09-11 07:45:00.000",1.0,1,2694,0,1,NULL,NULL
naranjodl,"2025-09-11 07:48:36.927","2025-09-11 07:45:00.000",9.0,9,2568,0,1,NULL,NULL
naranjodl,"2025-09-11 07:48:31.317","2025-09-11 07:45:00.000",9.0,9,2570,0,1,NULL,NULL
naranjodl,"2025-09-11 07:48:24.857","2025-09-11 07:45:00.000",9.0,9,2554,0,1,NULL,NULL
naranjodl,"2025-09-11 07:48:29.833","2025-09-11 07:45:00.000",9.0,9,2565,0,1,NULL,NULL
naranjodl,"2025-09-11 07:48:27.667","2025-09-11 07:45:00.000",9.0,9,2571,0,1,NULL,NULL
naranjodl,"2025-09-11 07:48:21.393","2025-09-11 07:45:00.000",9999999.0,9999999,2573,0,1,NULL,NULL
AngelaKilpatrick,"2025-09-11 07:48:25.307","2025-09-11 07:45:00.000",8.1999999999999993,8.2,2676,0,1,NULL,NULL
AngelaKilpatrick,"2025-09-11 07:48:34.607","2025-09-11 07:45:00.000",7.7999999999999998,7.8,2687,0,1,NULL,NULL
naranjodl,"2025-08-29 11:13:17.003","2025-08-29 10:45:00.000",1.0,2.3456235235234533E+24,1535,0,1,NULL,NULL
AngelaKilpatrick,"2025-09-11 07:48:28.630","2025-09-11 07:45:00.000",452.0,452,2693,0,1,NULL,NULL
AngelaKilpatrick,"2025-09-11 07:48:22.370","2025-09-11 07:45:00.000",25.0,25,2695,0,1,NULL,NULL
naranjodl,"2025-09-11 07:55:03.943","2025-09-11 07:45:00.000",1.0,"",2549,0,2,1.0,1
naranjodl,"2025-09-11 07:55:01.950","2025-09-11 07:45:00.000",1.0,1,2549,0,2,1.0,17845
naranjodl,"2025-09-11 07:53:26.800","2025-09-11 07:45:00.000",1.0,17845,2549,0,1,NULL,NULL
NARANJODL,"2025-09-11 07:57:02.570","2025-09-11 07:45:00.000",0.0,0.000,2538,0,2,99.0,99
NARANJODL,"2025-09-11 07:57:05.670","2025-09-11 07:45:00.000",0.0,0.000,2538,0,3,0.0,0.000
NARANJODL,"2025-09-11 07:57:26.133","2025-09-11 07:45:00.000",9999.0,9999,2547,0,3,9999.0,9999
NARANJODL,"2025-09-11 07:57:36.970","2025-09-11 07:45:00.000",99999.0,99999,2552,0,3,99999.0,99999
NARANJODL,"2025-09-11 07:57:42.810","2025-09-11 07:45:00.000",9999999.0,9999999,2553,0,3,9999999.0,9999999
NARANJODL,"2025-09-11 07:57:49.843","2025-09-11 07:45:00.000",9999.0,9999,2555,0,3,9999.0,9999
NARANJODL,"2025-09-11 07:57:55.550","2025-09-11 07:45:00.000",9999999.0,9999999,2556,0,3,9999999.0,9999999
NARANJODL,"2025-09-11 07:58:01.930","2025-09-11 07:45:00.000",99999.0,99999,2559,0,3,99999.0,99999
NARANJODL,"2025-09-11 07:58:06.410","2025-09-11 07:45:00.000",99999.0,99999,2560,0,3,99999.0,99999
NARANJODL,"2025-09-11 07:58:11.193","2025-09-11 07:45:00.000",99999.0,99999,2561,0,3,99999.0,99999
NARANJODL,"2025-09-11 07:58:15.503","2025-09-11 07:45:00.000",99999.0,99999,2562,0,3,99999.0,99999
NARANJODL,"2025-09-11 07:58:21.403","2025-09-11 07:45:00.000",99999.0,99999,2566,0,3,99999.0,99999
NARANJODL,"2025-09-11 07:58:27.743","2025-09-11 07:45:00.000",99.0,99,2567,0,3,99.0,99
NARANJODL,"2025-09-11 07:58:32.430","2025-09-11 07:45:00.000",99.0,99,2572,0,3,99.0,99
NARANJODL,"2025-09-11 08:00:22.767","2025-09-11 07:45:00.000",0.29999999999999999,0.3,2647,0,3,0.29999999999999999,0.3
NARANJODL,"2025-09-11 08:00:30.127","2025-09-11 07:45:00.000",1.0,915,2649,0,3,1.0,915
NARANJODL,"2025-09-11 08:00:39.973","2025-09-11 07:45:00.000",1.0,20289,2669,0,3,1.0,20289
NARANJODL,"2025-09-11 08:00:48.327","2025-09-11 07:45:00.000",25.399999999999999,25.4,2674,0,3,25.399999999999999,25.4
NARANJODL,"2025-09-11 08:00:53.270","2025-09-11 07:45:00.000",8.0,8,2675,0,3,8.0,8
NARANJODL,"2025-09-11 08:01:00.107","2025-09-11 07:45:00.000",125.0,125,2681,0,3,125.0,125
NARANJODL,"2025-09-11 08:01:04.537","2025-09-11 07:45:00.000",5.0000000000000003E-2,0.05,2689,0,3,5.0000000000000003E-2,0.05
NARANJODL,"2025-09-11 08:01:09.260","2025-09-11 07:45:00.000",1.0,1,2694,0,3,1.0,1
seymourrd,"2025-09-16 09:20:06.053","2025-09-16 09:15:00.000",1.0,TR0279B,2941,0,1,NULL,NULL
seymourrd,"2025-09-16 09:22:34.993","2025-09-16 09:15:00.000",1.0,AK,2935,0,1,NULL,NULL
seymourrd,"2025-09-16 09:20:09.160","2025-09-16 09:15:00.000",1.0,TR,2940,0,1,NULL,NULL
seymourrd,"2025-09-16 09:22:34.993","2025-09-16 09:15:00.000",13.0,TR,2925,0,1,NULL,NULL
seymourrd,"2025-09-16 09:22:34.993","2025-09-16 09:15:00.000",1.0,RT,2932,0,1,NULL,NULL
seymourrd,"2025-09-16 09:20:22.693","2025-09-16 09:15:00.000",1.0,21351,2939,0,1,NULL,NULL
seymourrd,"2025-09-16 09:20:32.667","2025-09-16 09:15:00.000",1.0,09/16/25,2927,0,1,NULL,NULL
seymourrd,"2025-09-16 09:20:37.470","2025-09-16 09:15:00.000",1.0,915,2929,0,1,NULL,NULL
seymourrd,"2025-09-16 09:20:44.300","2025-09-16 09:15:00.000",1.0,"Did Not Check",2934,0,1,NULL,NULL
seymourrd,"2025-09-16 09:21:08.263","2025-09-16 09:15:00.000",1.0,"sunny cleae calm lots of fisherman wading birds",2933,0,1,NULL,NULL
seymourrd,"2025-09-16 09:21:12.693","2025-09-16 09:15:00.000",25.0,25,2942,0,1,NULL,NULL
seymourrd,"2025-09-16 09:22:29.677","2025-09-16 09:15:00.000",0.38,0.38,2952,0,1,NULL,NULL
seymourrd,"2025-09-16 09:21:23.593","2025-09-16 09:15:00.000",5.0999999999999996,5.1,2957,0,1,NULL,NULL
seymourrd,"2025-09-16 09:21:28.797","2025-09-16 09:15:00.000",0.29999999999999999,0.3,2928,0,1,NULL,NULL
seymourrd,"2025-09-16 09:21:33.843","2025-09-16 09:15:00.000",28.5,28.5,2958,0,1,NULL,NULL
seymourrd,"2025-09-16 09:21:41.507","2025-09-16 09:15:00.000",9.5,9.5,2944,0,1,NULL,NULL
seymourrd,"2025-09-16 09:21:54.023","2025-09-16 09:15:00.000",384.0,384,2956,0,1,NULL,NULL
seymourrd,"2025-09-16 09:22:01.187","2025-09-16 09:15:00.000",8.5999999999999996,8.6,2948,0,1,NULL,NULL
seymourrd,"2025-09-16 09:22:07.887","2025-09-16 09:15:00.000",98.0,98,2949,0,1,NULL,NULL
seymourrd,"2025-09-16 09:22:16.640","2025-09-16 09:15:00.000",534.5,534.5,2950,0,1,NULL,NULL
seymourrd,"2025-09-16 09:22:17.150","2025-09-16 09:15:00.000",2.0,No,2926,0,1,NULL,NULL
seymourrd,"2025-09-16 09:22:18.317","2025-09-16 09:15:00.000",3.0,Unknown,2954,0,1,NULL,NULL
seymourrd,"2025-09-16 09:50:53.123","2025-09-16 09:45:00.000",1.0,TR0276B,2389,0,1,NULL,NULL
seymourrd,"2025-09-16 09:52:34.183","2025-09-16 09:45:00.000",1.0,AK,2383,0,1,NULL,NULL
seymourrd,"2025-09-16 09:50:55.653","2025-09-16 09:45:00.000",1.0,TR,2388,0,1,NULL,NULL
seymourrd,"2025-09-16 09:52:34.187","2025-09-16 09:45:00.000",13.0,TR,2373,0,1,NULL,NULL
seymourrd,"2025-09-16 09:52:34.187","2025-09-16 09:45:00.000",1.0,RT,2380,0,1,NULL,NULL
seymourrd,"2025-09-16 09:51:10.007","2025-09-16 09:45:00.000",1.0,16114,2387,0,1,NULL,NULL
seymourrd,"2025-09-16 09:51:16.050","2025-09-16 09:45:00.000",1.0,09/16/25,2375,0,1,NULL,NULL
seymourrd,"2025-09-16 09:51:20.903","2025-09-16 09:45:00.000",1.0,940,2377,0,1,NULL,NULL
seymourrd,"2025-09-16 09:51:27.293","2025-09-16 09:45:00.000",1.0,"Did Not Check",2382,0,1,NULL,NULL
seymourrd,"2025-09-16 09:51:41.593","2025-09-16 09:45:00.000",1.0,"sunny clear calm kayak fisherman",2381,0,1,NULL,NULL
seymourrd,"2025-09-16 09:51:48.003","2025-09-16 09:45:00.000",27.0,27,2390,0,1,NULL,NULL
seymourrd,"2025-09-16 09:51:51.653","2025-09-16 09:45:00.000",0.47999999999999998,0.48,2400,0,1,NULL,NULL
seymourrd,"2025-09-16 09:51:57.243","2025-09-16 09:45:00.000",12.199999999999999,12.2,2405,0,1,NULL,NULL
seymourrd,"2025-09-16 09:52:00.373","2025-09-16 09:45:00.000",0.29999999999999999,0.3,2376,0,1,NULL,NULL
seymourrd,"2025-09-16 09:52:09.117","2025-09-16 09:45:00.000",27.699999999999999,27.7,2406,0,1,NULL,NULL
seymourrd,"2025-09-16 09:52:13.657","2025-09-16 09:45:00.000",9.1999999999999993,9.2,2392,0,1,NULL,NULL
seymourrd,"2025-09-16 09:52:18.417","2025-09-16 09:45:00.000",387.0,387,2404,0,1,NULL,NULL
seymourrd,"2025-09-16 09:52:23.980","2025-09-16 09:45:00.000",9.1999999999999993,9.2,2396,0,1,NULL,NULL
seymourrd,"2025-09-16 09:52:26.980","2025-09-16 09:45:00.000",98.0,98,2397,0,1,NULL,NULL
seymourrd,"2025-09-16 09:52:31.683","2025-09-16 09:45:00.000",534.5,534.5,2398,0,1,NULL,NULL
seymourrd,"2025-09-16 09:52:32.190","2025-09-16 09:45:00.000",2.0,No,2374,0,1,NULL,NULL
seymourrd,"2025-09-16 09:52:33.443","2025-09-16 09:45:00.000",3.0,Unknown,2402,0,1,NULL,NULL
seymourrd,"2025-09-16 10:15:07.683","2025-09-16 10:00:00.000",1.0,TR0277B,2090,0,1,NULL,NULL
seymourrd,"2025-09-16 10:17:19.577","2025-09-16 10:00:00.000",1.0,AK,2084,0,1,NULL,NULL
seymourrd,"2025-09-16 10:15:10.607","2025-09-16 10:00:00.000",1.0,TR,2089,0,1,NULL,NULL
seymourrd,"2025-09-16 10:17:19.577","2025-09-16 10:00:00.000",13.0,TR,2074,0,1,NULL,NULL
seymourrd,"2025-09-16 10:17:19.577","2025-09-16 10:00:00.000",1.0,RT,2081,0,1,NULL,NULL
seymourrd,"2025-09-16 10:15:20.297","2025-09-16 10:00:00.000",1.0,11036,2088,0,1,NULL,NULL
seymourrd,"2025-09-16 10:15:25.310","2025-09-16 10:00:00.000",1.0,09/16/25,2076,0,1,NULL,NULL
seymourrd,"2025-09-16 10:15:29.393","2025-09-16 10:00:00.000",1.0,0.3,2078,0,1,NULL,NULL
seymourrd,"2025-09-16 10:15:34.463","2025-09-16 10:00:00.000",1.0,"Did Not Check",2083,0,1,NULL,NULL
seymourrd,"2025-09-16 10:15:45.053","2025-09-16 10:00:00.000",1.0,"sunny clear calm green tint",2082,0,1,NULL,NULL
seymourrd,"2025-09-16 10:15:50.673","2025-09-16 10:00:00.000",28.0,28,2091,0,1,NULL,NULL
seymourrd,"2025-09-16 10:15:55.523","2025-09-16 10:00:00.000",0.44,0.44,2101,0,1,NULL,NULL
seymourrd,"2025-09-16 10:16:17.037","2025-09-16 10:00:00.000",9.5,9.5,2106,0,1,NULL,NULL
seymourrd,"2025-09-16 10:16:21.553","2025-09-16 10:00:00.000",0.29999999999999999,0.3,2077,0,1,NULL,NULL
seymourrd,"2025-09-16 10:16:27.403","2025-09-16 10:00:00.000",27.699999999999999,27.7,2107,0,1,NULL,NULL
seymourrd,"2025-09-16 10:16:32.310","2025-09-16 10:00:00.000",8.9000000000000004,8.9,2093,0,1,NULL,NULL
seymourrd,"2025-09-16 10:16:37.837","2025-09-16 10:00:00.000",396.0,396,2105,0,1,NULL,NULL
seymourrd,"2025-09-16 10:16:57.820","2025-09-16 10:00:00.000",8.5,8.5,2097,0,1,NULL,NULL
seymourrd,"2025-09-16 10:17:04.517","2025-09-16 10:00:00.000",98.0,98,2098,0,1,NULL,NULL
seymourrd,"2025-09-16 10:17:10.510","2025-09-16 10:00:00.000",534.5,534.5,2099,0,1,NULL,NULL
seymourrd,"2025-09-16 10:17:16.397","2025-09-16 10:00:00.000",2.0,No,2075,0,1,NULL,NULL
seymourrd,"2025-09-16 10:17:17.840","2025-09-16 10:00:00.000",3.0,Unknown,2103,0,1,NULL,NULL
seymourrd,"2025-09-16 10:32:07.717","2025-09-16 10:15:00.000",1.0,TR0278B,2443,0,1,NULL,NULL
seymourrd,"2025-09-16 10:37:44.247","2025-09-16 10:15:00.000",1.0,CRP_RT,2437,0,1,NULL,NULL
seymourrd,"2025-09-16 10:32:12.290","2025-09-16 10:15:00.000",1.0,TR,2442,0,1,NULL,NULL
seymourrd,"2025-09-16 10:37:44.247","2025-09-16 10:15:00.000",1.0,Other,2427,0,1,NULL,NULL
seymourrd,"2025-09-16 10:37:44.250","2025-09-16 10:15:00.000",1.0,RT,2434,0,1,NULL,NULL
seymourrd,"2025-09-16 10:32:23.520","2025-09-16 10:15:00.000",1.0,16116,2441,0,1,NULL,NULL
seymourrd,"2025-09-16 10:32:30.073","2025-09-16 10:15:00.000",1.0,09/16/2025,2429,0,1,NULL,NULL
seymourrd,"2025-09-16 10:32:37.033","2025-09-16 10:15:00.000",1.0,1030,2431,0,1,NULL,NULL
seymourrd,"2025-09-16 10:32:43.330","2025-09-16 10:15:00.000",1.0,"Did Not Check",2436,0,1,NULL,NULL
seymourrd,"2025-09-16 10:32:53.160","2025-09-16 10:15:00.000",1.0,"sunny clear calm fisherman",2435,0,1,NULL,NULL
seymourrd,"2025-09-16 10:32:58.273","2025-09-16 10:15:00.000",29.399999999999999,29.4,2444,0,1,NULL,NULL
seymourrd,"2025-09-16 10:37:39.960","2025-09-16 10:15:00.000",0.40000000000000002,0.4,2454,0,1,NULL,NULL
seymourrd,"2025-09-16 10:33:06.160","2025-09-16 10:15:00.000",5.5999999999999996,5.6,2459,0,1,NULL,NULL
seymourrd,"2025-09-16 10:33:11.467","2025-09-16 10:15:00.000",0.29999999999999999,0.3,2430,0,1,NULL,NULL
seymourrd,"2025-09-16 10:33:22.510","2025-09-16 10:15:00.000",27.899999999999999,27.9,2460,0,1,NULL,NULL
seymourrd,"2025-09-16 10:33:29.113","2025-09-16 10:15:00.000",8.6999999999999993,8.7,2446,0,1,NULL,NULL
seymourrd,"2025-09-16 10:33:34.193","2025-09-16 10:15:00.000",389.0,389,2458,0,1,NULL,NULL
seymourrd,"2025-09-16 10:33:39.203","2025-09-16 10:15:00.000",8.5999999999999996,8.6,2450,0,1,NULL,NULL
seymourrd,"2025-09-16 10:33:42.590","2025-09-16 10:15:00.000",98.0,98,2451,0,1,NULL,NULL
seymourrd,"2025-09-16 10:33:49.517","2025-09-16 10:15:00.000",534.5,534.5,2452,0,1,NULL,NULL
seymourrd,"2025-09-16 10:33:50.020","2025-09-16 10:15:00.000",2.0,No,2428,0,1,NULL,NULL
seymourrd,"2025-09-16 10:33:51.177","2025-09-16 10:15:00.000",3.0,Unknown,2456,0,1,NULL,NULL
seymourrd,"2025-09-17 08:58:40.987","2025-09-17 08:45:00.000",1.0,TR0402B,4176,0,1,NULL,NULL
seymourrd,"2025-09-17 09:01:17.627","2025-09-17 08:45:00.000",1.0,B,4170,0,1,NULL,NULL
seymourrd,"2025-09-17 08:58:49.227","2025-09-17 08:45:00.000",1.0,TR,4175,0,1,NULL,NULL
seymourrd,"2025-09-17 09:01:17.627","2025-09-17 08:45:00.000",1.0,Other,4160,0,1,NULL,NULL
seymourrd,"2025-09-17 09:01:17.627","2025-09-17 08:45:00.000",1.0,"Yes Alive",4167,0,1,NULL,NULL
seymourrd,"2025-09-17 08:59:03.217","2025-09-17 08:45:00.000",1.0,GVLM1,4174,0,1,NULL,NULL
seymourrd,"2025-09-17 08:59:20.240","2025-09-17 08:45:00.000",1.0,09/17/25,4162,0,1,NULL,NULL
seymourrd,"2025-09-17 08:59:38.643","2025-09-17 08:45:00.000",1.0,845,4164,0,1,NULL,NULL
seymourrd,"2025-09-17 08:59:44.793","2025-09-17 08:45:00.000",1.0,"Did Not Check",4169,0,1,NULL,NULL
seymourrd,"2025-09-17 09:00:05.297","2025-09-17 08:45:00.000",1.0,"green water clear skies still water birds",4168,0,1,NULL,NULL
seymourrd,"2025-09-17 09:00:10.873","2025-09-17 08:45:00.000",26.100000000000001,26.1,4177,0,1,NULL,NULL
seymourrd,"2025-09-17 09:00:15.000","2025-09-17 08:45:00.000",0.12,0.12,4186,0,1,NULL,NULL
seymourrd,"2025-09-17 09:00:19.013","2025-09-17 08:45:00.000",1.2,1.2,4191,0,1,NULL,NULL
seymourrd,"2025-09-17 09:00:21.840","2025-09-17 08:45:00.000",0.29999999999999999,0.3,4163,0,1,NULL,NULL
seymourrd,"2025-09-17 09:00:26.697","2025-09-17 08:45:00.000",29.0,29,4192,0,1,NULL,NULL
seymourrd,"2025-09-17 09:00:32.010","2025-09-17 08:45:00.000",9.0,9,4179,0,1,NULL,NULL
seymourrd,"2025-09-17 09:00:37.610","2025-09-17 08:45:00.000",422.0,422,4190,0,1,NULL,NULL
seymourrd,"2025-09-17 09:00:45.373","2025-09-17 08:45:00.000",8.1999999999999993,8.2,4183,0,1,NULL,NULL
seymourrd,"2025-09-17 09:00:58.193","2025-09-17 08:45:00.000",97.900000000000006,97.9,4184,0,1,NULL,NULL
seymourrd,"2025-09-17 09:01:09.020","2025-09-17 08:45:00.000",534.47000000000003,534.47,4185,0,1,NULL,NULL
seymourrd,"2025-09-17 09:01:09.530","2025-09-17 08:45:00.000",2.0,No,4161,0,1,NULL,NULL
seymourrd,"2025-09-17 09:01:10.727","2025-09-17 08:45:00.000",3.0,Unknown,4188,0,1,NULL,NULL
seymourrd,"2025-09-17 09:19:08.437","2025-09-17 09:15:00.000",1.0,Other,4212,0,1,NULL,NULL
seymourrd,"2025-09-17 09:17:37.347","2025-09-17 09:15:00.000",1.0,09/17/2025,4214,0,1,NULL,NULL
seymourrd,"2025-09-17 09:18:32.870","2025-09-17 09:15:00.000",0.29999999999999999,0.3,4215,0,1,NULL,NULL
seymourrd,"2025-09-17 09:17:41.750","2025-09-17 09:15:00.000",1.0,910,4216,0,1,NULL,NULL
seymourrd,"2025-09-17 09:18:12.277","2025-09-17 09:15:00.000",26.5,26.5,4229,0,1,NULL,NULL
seymourrd,"2025-09-17 09:18:25.440","2025-09-17 09:15:00.000",11.0,11,4230,0,1,NULL,NULL
seymourrd,"2025-09-17 09:18:06.643","2025-09-17 09:15:00.000",1.0,"green water clear skies calm still flycasing on surface",4220,0,1,NULL,NULL
seymourrd,"2025-09-17 09:18:56.167","2025-09-17 09:15:00.000",97.900000000000006,97.9,4236,0,1,NULL,NULL
seymourrd,"2025-09-17 09:19:03.823","2025-09-17 09:15:00.000",534.47000000000003,534.47,4237,0,1,NULL,NULL
seymourrd,"2025-09-17 09:17:46.710","2025-09-17 09:15:00.000",1.0,"Did Not Check",4221,0,1,NULL,NULL
seymourrd,"2025-09-17 09:19:08.437","2025-09-17 09:15:00.000",1.0,HF,4222,0,1,NULL,NULL
seymourrd,"2025-09-17 09:18:22.140","2025-09-17 09:15:00.000",0.31,0.31,4238,0,1,NULL,NULL
seymourrd,"2025-09-17 09:19:05.483","2025-09-17 09:15:00.000",3.0,Unknown,4240,0,1,NULL,NULL
seymourrd,"2025-09-17 09:17:31.123","2025-09-17 09:15:00.000",1.0,GVLM2,4226,0,1,NULL,NULL
seymourrd,"2025-09-17 09:17:21.710","2025-09-17 09:15:00.000",1.0,TR,4227,0,1,NULL,NULL
seymourrd,"2025-09-17 09:17:18.660","2025-09-17 09:15:00.000",1.0,TR0403B,4228,0,1,NULL,NULL
seymourrd,"2025-09-17 09:18:29.750","2025-09-17 09:15:00.000",2.7999999999999998,2.8,4243,0,1,NULL,NULL
seymourrd,"2025-09-17 09:18:40.803","2025-09-17 09:15:00.000",9.6999999999999993,9.7,4231,0,1,NULL,NULL
seymourrd,"2025-09-17 09:18:50.900","2025-09-17 09:15:00.000",8.5999999999999996,8.6,4235,0,1,NULL,NULL
seymourrd,"2025-09-17 09:18:45.757","2025-09-17 09:15:00.000",376.0,376,4242,0,1,NULL,NULL
seymourrd,"2025-09-17 09:18:36.410","2025-09-17 09:15:00.000",29.600000000000001,29.6,4244,0,1,NULL,NULL
seymourrd,"2025-09-17 10:00:24.640","2025-09-17 09:45:00.000",1.0,TR0280B,2742,0,1,NULL,NULL
seymourrd,"2025-09-17 10:02:12.907","2025-09-17 09:45:00.000",1.0,CRP_RT,2736,0,1,NULL,NULL
seymourrd,"2025-09-17 10:00:32.177","2025-09-17 09:45:00.000",1.0,TR,2741,0,1,NULL,NULL
seymourrd,"2025-09-17 10:02:12.907","2025-09-17 09:45:00.000",1.0,Other,2726,0,1,NULL,NULL
seymourrd,"2025-09-17 10:02:12.907","2025-09-17 09:45:00.000",1.0,RT,2733,0,1,NULL,NULL
seymourrd,"2025-09-17 10:00:43.027","2025-09-17 09:45:00.000",1.0,20884,2740,0,1,NULL,NULL
seymourrd,"2025-09-17 10:00:48.553","2025-09-17 09:45:00.000",1.0,09/17/25,2728,0,1,NULL,NULL
seymourrd,"2025-09-17 10:00:53.103","2025-09-17 09:45:00.000",1.0,955,2730,0,1,NULL,NULL
seymourrd,"2025-09-17 10:00:58.107","2025-09-17 09:45:00.000",1.0,"Did Not Check",2735,0,1,NULL,NULL
seymourrd,"2025-09-17 10:01:12.667","2025-09-17 09:45:00.000",1.0,"clear skies slight breeze warm",2734,0,1,NULL,NULL
seymourrd,"2025-09-17 10:01:17.413","2025-09-17 09:45:00.000",28.899999999999999,28.9,2743,0,1,NULL,NULL
seymourrd,"2025-09-17 10:01:20.233","2025-09-17 09:45:00.000",11.0,11,2744,0,1,NULL,NULL
seymourrd,"2025-09-17 10:01:24.583","2025-09-17 09:45:00.000",0.37,0.37,2753,0,1,NULL,NULL
seymourrd,"2025-09-17 10:01:29.113","2025-09-17 09:45:00.000",3.8999999999999999,3.9,2758,0,1,NULL,NULL
seymourrd,"2025-09-17 10:01:31.650","2025-09-17 09:45:00.000",0.29999999999999999,0.3,2729,0,1,NULL,NULL
seymourrd,"2025-09-17 10:01:36.987","2025-09-17 09:45:00.000",28.399999999999999,28.4,2759,0,1,NULL,NULL
seymourrd,"2025-09-17 10:01:40.680","2025-09-17 09:45:00.000",8.5999999999999996,8.6,2745,0,1,NULL,NULL
seymourrd,"2025-09-17 10:01:47.633","2025-09-17 09:45:00.000",386.0,386,2757,0,1,NULL,NULL
seymourrd,"2025-09-17 10:01:53.143","2025-09-17 09:45:00.000",8.5999999999999996,8.6,2749,0,1,NULL,NULL
seymourrd,"2025-09-17 10:02:01.113","2025-09-17 09:45:00.000",97.900000000000006,97.9,2750,0,1,NULL,NULL
seymourrd,"2025-09-17 10:02:09.220","2025-09-17 09:45:00.000",534.47000000000003,534.47,2751,0,1,NULL,NULL
seymourrd,"2025-09-17 10:02:09.727","2025-09-17 09:45:00.000",2.0,No,2727,0,1,NULL,NULL
seymourrd,"2025-09-17 10:02:10.830","2025-09-17 09:45:00.000",3.0,Unknown,2755,0,1,NULL,NULL
seymourrd,"2025-09-17 09:34:28.433","2025-09-17 09:30:00.000",1.0,TR0275B,3147,0,1,NULL,NULL
seymourrd,"2025-09-17 09:36:20.527","2025-09-17 09:30:00.000",1.0,T,3141,0,1,NULL,NULL
seymourrd,"2025-09-17 09:34:32.153","2025-09-17 09:30:00.000",1.0,TR,3146,0,1,NULL,NULL
seymourrd,"2025-09-17 09:36:20.527","2025-09-17 09:30:00.000",1.0,Other,3131,0,1,NULL,NULL
seymourrd,"2025-09-17 09:36:20.527","2025-09-17 09:30:00.000",1.0,"Yes Alive",3138,0,1,NULL,NULL
seymourrd,"2025-09-17 09:34:43.040","2025-09-17 09:30:00.000",1.0,22234,3145,0,1,NULL,NULL
seymourrd,"2025-09-17 09:34:49.853","2025-09-17 09:30:00.000",1.0,09/17/25,3133,0,1,NULL,NULL
seymourrd,"2025-09-17 09:34:54.453","2025-09-17 09:30:00.000",1.0,930,3135,0,1,NULL,NULL
seymourrd,"2025-09-17 09:34:59.177","2025-09-17 09:30:00.000",1.0,"Did Not Check",3140,0,1,NULL,NULL
seymourrd,"2025-09-17 09:35:14.863","2025-09-17 09:30:00.000",1.0,"clear skies warm slight breeze",3139,0,1,NULL,NULL
seymourrd,"2025-09-17 09:35:20.697","2025-09-17 09:30:00.000",27.600000000000001,27.6,3148,0,1,NULL,NULL
seymourrd,"2025-09-17 09:35:23.963","2025-09-17 09:30:00.000",11.0,11,3149,0,1,NULL,NULL
seymourrd,"2025-09-17 09:35:31.620","2025-09-17 09:30:00.000",0.34000000000000002,0.34,3158,0,1,NULL,NULL
seymourrd,"2025-09-17 09:35:41.087","2025-09-17 09:30:00.000",4.7999999999999998,4.8,3163,0,1,NULL,NULL
seymourrd,"2025-09-17 09:35:44.453","2025-09-17 09:30:00.000",0.29999999999999999,0.3,3134,0,1,NULL,NULL
seymourrd,"2025-09-17 09:35:50.800","2025-09-17 09:30:00.000",29.300000000000001,29.3,3164,0,1,NULL,NULL
seymourrd,"2025-09-17 09:35:54.707","2025-09-17 09:30:00.000",9.0999999999999996,9.1,3150,0,1,NULL,NULL
seymourrd,"2025-09-17 09:35:58.463","2025-09-17 09:30:00.000",377.0,377,3162,0,1,NULL,NULL
seymourrd,"2025-09-17 09:36:03.200","2025-09-17 09:30:00.000",8.5999999999999996,8.6,3154,0,1,NULL,NULL
seymourrd,"2025-09-17 09:36:06.047","2025-09-17 09:30:00.000",97.900000000000006,97.9,3155,0,1,NULL,NULL
seymourrd,"2025-09-17 09:36:11.480","2025-09-17 09:30:00.000",534.47000000000003,534.47,3156,0,1,NULL,NULL
seymourrd,"2025-09-17 09:36:11.987","2025-09-17 09:30:00.000",2.0,No,3132,0,1,NULL,NULL
seymourrd,"2025-09-17 09:36:13.127","2025-09-17 09:30:00.000",3.0,Unknown,3160,0,1,NULL,NULL
