AUDITUSER,AUDITTIMESTAMP,ID,SAMPLENUM,SAMPLEDEFID,PROJECT,LOCATIONID,DATECOLLECTIONDUE,DATECOMPLETE,SAMPLEDBY,SAMPLEDTTIME,RECTYPE,SCHEDULETYPE,SAMPLESTATUS,SAMPLETYPEID,PH,TEMP,DO,NOTES,WASITPRINTED,SAMPLECOST,MISCCOST,TOTALCOST,CUSTOMERID,SAMPLEUD1,SAMPLEUD2,SAMPLEUD3,SAMPLEUD4,SAMPLEUD5,PARENTID,ASSIGNEDTOID,RECEIVEDBY,RECEIVED_DATETIME,LABID,SAMPLEVOLUME,PICKUPCOST,PREPCOST,TOTALTESTCOST,DISCOUNT,TAXRATE,SAMPLEUD6,SAMPLEUD7,SAMPLEUD8,SAMPLEUD9,PAYMENT,PAYMENTTYPE,PAYMENTNOTES,REJECTIONCODE,SAMPLENAME,SAMPLEDBYNAME,RCVDBYNAME,SAMPLELOCATION,ADHOC,LATEEMAILSENT,DUEEMAILSENT,ISCOMPLIANCE,LATERESULTEMAILSENT,NORESULTEMAILSENT
---------,--------------,--,---------,-----------,-------,----------,-----------------,------------,---------,------------,-------,------------,------------,------------,--,----,--,-----,------------,----------,--------,---------,----------,---------,---------,---------,---------,---------,--------,------------,----------,-----------------,-----,------------,----------,--------,-------------,--------,-------,---------,---------,---------,---------,-------,-----------,------------,-------------,----------,-------------,----------,--------------,-----,-------------,------------,------------,-------------------,-----------------
NARANJODL,"2025-08-27 12:03:57.000",1,250901-0001,2,NULL,101,"2025-09-01 00:00:00.000",NULL,0,NULL,0,Regular,0,1,NULL,NULL,NULL,"",0,0.0,0.0,0.0,0,NULL,NULL,NULL,NULL,NULL,NULL,NULL,NULL,NULL,NULL,NULL,0.0,0.0,0.0,0.0,0.0,NULL,NULL,NULL,NULL,0.0,NULL,NULL,NULL,NULL,NULL,NULL,NULL,0,NULL,NULL,-1,NULL,NULL
NARANJODL,"2025-08-27 12:03:57.000",2,251201-0001,2,NULL,101,"2025-12-01 00:00:00.000",NULL,0,NULL,0,Regular,0,1,NULL,NULL,NULL,"",0,0.0,0.0,0.0,0,NULL,NULL,NULL,NULL,NULL,NULL,NULL,NULL,NULL,NULL,NULL,0.0,0.0,0.0,0.0,0.0,NULL,NULL,NULL,NULL,0.0,NULL,NULL,NULL,NULL,NULL,NULL,NULL,0,NULL,NULL,-1,NULL,NULL
NARANJODL,"2025-08-27 12:03:58.000",3,260302-0001,2,NULL,101,"2026-03-02 00:00:00.000",NULL,0,NULL,0,Regular,0,1,NULL,NULL,NULL,"",0,0.0,0.0,0.0,0,NULL,NULL,NULL,NULL,NULL,NULL,NULL,NULL,NULL,NULL,NULL,0.0,0.0,0.0,0.0,0.0,NULL,NULL,NULL,NULL,0.0,NULL,NULL,NULL,NULL,NULL,NULL,NULL,0,NULL,NULL,-1,NULL,NULL
NARANJODL,"2025-08-27 12:03:58.000",4,260601-0001,2,NULL,101,"2026-06-01 00:00:00.000",NULL,0,NULL,0,Regular,0,1,NULL,NULL,NULL,"",0,0.0,0.0,0.0,0,NULL,NULL,NULL,NULL,NULL,NULL,NULL,NULL,NULL,NULL,NULL,0.0,0.0,0.0,0.0,0.0,NULL,NULL,NULL,NULL,0.0,NULL,NULL,NULL,NULL,NULL,NULL,NULL,0,NULL,NULL,-1,NULL,NULL
NARANJODL,"2025-09-05 13:17:46.000",5,251006-0001,3,NULL,102,"2025-10-06 00:00:00.000",NULL,0,NULL,0,Regular,0,1,NULL,NULL,NULL,"",0,0.0,0.0,0.0,0,NULL,NULL,NULL,NULL,NULL,NULL,NULL,NULL,NULL,NULL,NULL,0.0,0.0,0.0,0.0,0.0,NULL,NULL,NULL,NULL,0.0,NULL,NULL,NULL,NULL,NULL,NULL,NULL,0,NULL,NULL,-1,NULL,NULL
NARANJODL,"2025-09-05 13:17:46.000",6,260105-0001,3,NULL,102,"2026-01-05 00:00:00.000",NULL,0,NULL,0,Regular,0,1,NULL,NULL,NULL,"",0,0.0,0.0,0.0,0,NULL,NULL,NULL,NULL,NULL,NULL,NULL,NULL,NULL,NULL,NULL,0.0,0.0,0.0,0.0,0.0,NULL,NULL,NULL,NULL,0.0,NULL,NULL,NULL,NULL,NULL,NULL,NULL,0,NULL,NULL,-1,NULL,NULL
NARANJODL,"2025-09-05 13:17:46.000",7,260406-0001,3,NULL,102,"2026-04-06 00:00:00.000",NULL,0,NULL,0,Regular,0,1,NULL,NULL,NULL,"",0,0.0,0.0,0.0,0,NULL,NULL,NULL,NULL,NULL,NULL,NULL,NULL,NULL,NULL,NULL,0.0,0.0,0.0,0.0,0.0,NULL,NULL,NULL,NULL,0.0,NULL,NULL,NULL,NULL,NULL,NULL,NULL,0,NULL,NULL,-1,NULL,NULL
NARANJODL,"2025-09-08 12:32:57.000",80,250901-0018,24,NULL,118,"2025-09-01 00:00:00.000",NULL,0,NULL,0,Regular,0,1,NULL,NULL,NULL,"",0,0.0,0.0,0.0,0,NULL,NULL,NULL,NULL,NULL,NULL,NULL,NULL,NULL,NULL,NULL,0.0,0.0,0.0,0.0,0.0,NULL,NULL,NULL,NULL,0.0,NULL,NULL,NULL,NULL,NULL,NULL,NULL,0,NULL,NULL,-1,NULL,NULL
NARANJODL,"2025-09-08 12:32:57.000",81,260302-0019,24,NULL,118,"2026-03-02 00:00:00.000",NULL,0,NULL,0,Regular,0,1,NULL,NULL,NULL,"",0,0.0,0.0,0.0,0,NULL,NULL,NULL,NULL,NULL,NULL,NULL,NULL,NULL,NULL,NULL,0.0,0.0,0.0,0.0,0.0,NULL,NULL,NULL,NULL,0.0,NULL,NULL,NULL,NULL,NULL,NULL,NULL,0,NULL,NULL,-1,NULL,NULL
NARANJODL,"2025-09-08 12:34:38.000",82,250901-0019,25,NULL,119,"2025-09-01 00:00:00.000",NULL,0,NULL,0,Regular,0,1,NULL,NULL,NULL,"",0,0.0,0.0,0.0,0,NULL,NULL,NULL,NULL,NULL,NULL,NULL,NULL,NULL,NULL,NULL,0.0,0.0,0.0,0.0,0.0,NULL,NULL,NULL,NULL,0.0,NULL,NULL,NULL,NULL,NULL,NULL,NULL,0,NULL,NULL,-1,NULL,NULL
NARANJODL,"2025-09-08 12:34:39.000",83,251201-0015,25,NULL,119,"2025-12-01 00:00:00.000",NULL,0,NULL,0,Regular,0,1,NULL,NULL,NULL,"",0,0.0,0.0,0.0,0,NULL,NULL,NULL,NULL,NULL,NULL,NULL,NULL,NULL,NULL,NULL,0.0,0.0,0.0,0.0,0.0,NULL,NULL,NULL,NULL,0.0,NULL,NULL,NULL,NULL,NULL,NULL,NULL,0,NULL,NULL,-1,NULL,NULL
NARANJODL,"2025-09-08 12:34:39.000",84,260302-0020,25,NULL,119,"2026-03-02 00:00:00.000",NULL,0,NULL,0,Regular,0,1,NULL,NULL,NULL,"",0,0.0,0.0,0.0,0,NULL,NULL,NULL,NULL,NULL,NULL,NULL,NULL,NULL,NULL,NULL,0.0,0.0,0.0,0.0,0.0,NULL,NULL,NULL,NULL,0.0,NULL,NULL,NULL,NULL,NULL,NULL,NULL,0,NULL,NULL,-1,NULL,NULL
NARANJODL,"2025-09-08 12:34:39.000",85,260601-0015,25,NULL,119,"2026-06-01 00:00:00.000",NULL,0,NULL,0,Regular,0,1,NULL,NULL,NULL,"",0,0.0,0.0,0.0,0,NULL,NULL,NULL,NULL,NULL,NULL,NULL,NULL,NULL,NULL,NULL,0.0,0.0,0.0,0.0,0.0,NULL,NULL,NULL,NULL,0.0,NULL,NULL,NULL,NULL,NULL,NULL,NULL,0,NULL,NULL,-1,NULL,NULL
NARANJODL,"2025-09-08 12:38:53.000",86,250901-0020,26,NULL,120,"2025-09-01 00:00:00.000",NULL,0,NULL,0,Regular,0,1,NULL,NULL,NULL,"",0,0.0,0.0,0.0,0,NULL,NULL,NULL,NULL,NULL,NULL,NULL,NULL,NULL,NULL,NULL,0.0,0.0,0.0,0.0,0.0,NULL,NULL,NULL,NULL,0.0,NULL,NULL,NULL,NULL,NULL,NULL,NULL,0,NULL,NULL,-1,NULL,NULL
NARANJODL,"2025-09-08 12:38:53.000",87,251201-0016,26,NULL,120,"2025-12-01 00:00:00.000",NULL,0,NULL,0,Regular,0,1,NULL,NULL,NULL,"",0,0.0,0.0,0.0,0,NULL,NULL,NULL,NULL,NULL,NULL,NULL,NULL,NULL,NULL,NULL,0.0,0.0,0.0,0.0,0.0,NULL,NULL,NULL,NULL,0.0,NULL,NULL,NULL,NULL,NULL,NULL,NULL,0,NULL,NULL,-1,NULL,NULL
NARANJODL,"2025-09-08 12:38:53.000",88,260302-0021,26,NULL,120,"2026-03-02 00:00:00.000",NULL,0,NULL,0,Regular,0,1,NULL,NULL,NULL,"",0,0.0,0.0,0.0,0,NULL,NULL,NULL,NULL,NULL,NULL,NULL,NULL,NULL,NULL,NULL,0.0,0.0,0.0,0.0,0.0,NULL,NULL,NULL,NULL,0.0,NULL,NULL,NULL,NULL,NULL,NULL,NULL,0,NULL,NULL,-1,NULL,NULL
NARANJODL,"2025-09-08 12:38:54.000",89,260601-0016,26,NULL,120,"2026-06-01 00:00:00.000",NULL,0,NULL,0,Regular,0,1,NULL,NULL,NULL,"",0,0.0,0.0,0.0,0,NULL,NULL,NULL,NULL,NULL,NULL,NULL,NULL,NULL,NULL,NULL,0.0,0.0,0.0,0.0,0.0,NULL,NULL,NULL,NULL,0.0,NULL,NULL,NULL,NULL,NULL,NULL,NULL,0,NULL,NULL,-1,NULL,NULL
NARANJODL,"2025-09-08 12:43:04.000",90,250901-0021,27,NULL,121,"2025-09-01 00:00:00.000",NULL,0,NULL,0,Regular,0,1,NULL,NULL,NULL,"",0,0.0,0.0,0.0,0,NULL,NULL,NULL,NULL,NULL,NULL,NULL,NULL,NULL,NULL,NULL,0.0,0.0,0.0,0.0,0.0,NULL,NULL,NULL,NULL,0.0,NULL,NULL,NULL,NULL,NULL,NULL,NULL,0,NULL,NULL,-1,NULL,NULL
NARANJODL,"2025-09-08 12:43:04.000",91,251201-0017,27,NULL,121,"2025-12-01 00:00:00.000",NULL,0,NULL,0,Regular,0,1,NULL,NULL,NULL,"",0,0.0,0.0,0.0,0,NULL,NULL,NULL,NULL,NULL,NULL,NULL,NULL,NULL,NULL,NULL,0.0,0.0,0.0,0.0,0.0,NULL,NULL,NULL,NULL,0.0,NULL,NULL,NULL,NULL,NULL,NULL,NULL,0,NULL,NULL,-1,NULL,NULL
NARANJODL,"2025-09-08 12:43:05.000",92,260302-0022,27,NULL,121,"2026-03-02 00:00:00.000",NULL,0,NULL,0,Regular,0,1,NULL,NULL,NULL,"",0,0.0,0.0,0.0,0,NULL,NULL,NULL,NULL,NULL,NULL,NULL,NULL,NULL,NULL,NULL,0.0,0.0,0.0,0.0,0.0,NULL,NULL,NULL,NULL,0.0,NULL,NULL,NULL,NULL,NULL,NULL,NULL,0,NULL,NULL,-1,NULL,NULL
NARANJODL,"2025-09-08 12:43:05.000",93,260601-0017,27,NULL,121,"2026-06-01 00:00:00.000",NULL,0,NULL,0,Regular,0,1,NULL,NULL,NULL,"",0,0.0,0.0,0.0,0,NULL,NULL,NULL,NULL,NULL,NULL,NULL,NULL,NULL,NULL,NULL,0.0,0.0,0.0,0.0,0.0,NULL,NULL,NULL,NULL,0.0,NULL,NULL,NULL,NULL,NULL,NULL,NULL,0,NULL,NULL,-1,NULL,NULL
NARANJODL,"2025-09-08 12:46:05.000",94,250901-0022,28,NULL,122,"2025-09-01 00:00:00.000",NULL,0,NULL,0,Regular,0,1,NULL,NULL,NULL,"",0,0.0,0.0,0.0,0,NULL,NULL,NULL,NULL,NULL,NULL,NULL,NULL,NULL,NULL,NULL,0.0,0.0,0.0,0.0,0.0,NULL,NULL,NULL,NULL,0.0,NULL,NULL,NULL,NULL,NULL,NULL,NULL,0,NULL,NULL,-1,NULL,NULL
NARANJODL,"2025-09-05 13:17:47.000",8,260706-0001,3,NULL,102,"2026-07-06 00:00:00.000",NULL,0,NULL,0,Regular,0,1,NULL,NULL,NULL,"",0,0.0,0.0,0.0,0,NULL,NULL,NULL,NULL,NULL,NULL,NULL,NULL,NULL,NULL,NULL,0.0,0.0,0.0,0.0,0.0,NULL,NULL,NULL,NULL,0.0,NULL,NULL,NULL,NULL,NULL,NULL,NULL,0,NULL,NULL,-1,NULL,NULL
NARANJODL,"2025-09-05 13:21:21.000",9,251201-0002,4,NULL,103,"2025-12-01 00:00:00.000",NULL,0,NULL,0,Regular,0,1,NULL,NULL,NULL,"",0,0.0,0.0,0.0,0,NULL,NULL,NULL,NULL,NULL,NULL,NULL,NULL,NULL,NULL,NULL,0.0,0.0,0.0,0.0,0.0,NULL,NULL,NULL,NULL,0.0,NULL,NULL,NULL,NULL,NULL,NULL,NULL,0,NULL,NULL,-1,NULL,NULL
NARANJODL,"2025-09-05 13:21:21.000",10,260302-0002,4,NULL,103,"2026-03-02 00:00:00.000",NULL,0,NULL,0,Regular,0,1,NULL,NULL,NULL,"",0,0.0,0.0,0.0,0,NULL,NULL,NULL,NULL,NULL,NULL,NULL,NULL,NULL,NULL,NULL,0.0,0.0,0.0,0.0,0.0,NULL,NULL,NULL,NULL,0.0,NULL,NULL,NULL,NULL,NULL,NULL,NULL,0,NULL,NULL,-1,NULL,NULL
NARANJODL,"2025-09-05 13:21:22.000",11,260601-0002,4,NULL,103,"2026-06-01 00:00:00.000",NULL,0,NULL,0,Regular,0,1,NULL,NULL,NULL,"",0,0.0,0.0,0.0,0,NULL,NULL,NULL,NULL,NULL,NULL,NULL,NULL,NULL,NULL,NULL,0.0,0.0,0.0,0.0,0.0,NULL,NULL,NULL,NULL,0.0,NULL,NULL,NULL,NULL,NULL,NULL,NULL,0,NULL,NULL,-1,NULL,NULL
NARANJODL,"2025-09-05 13:30:50.000",12,250901-0002,5,NULL,104,"2025-09-01 00:00:00.000",NULL,0,NULL,0,Regular,0,1,NULL,NULL,NULL,"",0,0.0,0.0,0.0,0,NULL,NULL,NULL,NULL,NULL,NULL,NULL,NULL,NULL,NULL,NULL,0.0,0.0,0.0,0.0,0.0,NULL,NULL,NULL,NULL,0.0,NULL,NULL,NULL,NULL,NULL,NULL,NULL,0,NULL,NULL,-1,NULL,NULL
NARANJODL,"2025-09-05 13:30:51.000",13,251201-0003,5,NULL,104,"2025-12-01 00:00:00.000",NULL,0,NULL,0,Regular,0,1,NULL,NULL,NULL,"",0,0.0,0.0,0.0,0,NULL,NULL,NULL,NULL,NULL,NULL,NULL,NULL,NULL,NULL,NULL,0.0,0.0,0.0,0.0,0.0,NULL,NULL,NULL,NULL,0.0,NULL,NULL,NULL,NULL,NULL,NULL,NULL,0,NULL,NULL,-1,NULL,NULL
NARANJODL,"2025-09-05 13:30:51.000",14,260302-0003,5,NULL,104,"2026-03-02 00:00:00.000",NULL,0,NULL,0,Regular,0,1,NULL,NULL,NULL,"",0,0.0,0.0,0.0,0,NULL,NULL,NULL,NULL,NULL,NULL,NULL,NULL,NULL,NULL,NULL,0.0,0.0,0.0,0.0,0.0,NULL,NULL,NULL,NULL,0.0,NULL,NULL,NULL,NULL,NULL,NULL,NULL,0,NULL,NULL,-1,NULL,NULL
NARANJODL,"2025-09-05 13:30:51.000",15,260601-0003,5,NULL,104,"2026-06-01 00:00:00.000",NULL,0,NULL,0,Regular,0,1,NULL,NULL,NULL,"",0,0.0,0.0,0.0,0,NULL,NULL,NULL,NULL,NULL,NULL,NULL,NULL,NULL,NULL,NULL,0.0,0.0,0.0,0.0,0.0,NULL,NULL,NULL,NULL,0.0,NULL,NULL,NULL,NULL,NULL,NULL,NULL,0,NULL,NULL,-1,NULL,NULL
NARANJODL,"2025-09-05 13:50:02.000",18,250901-0004,8,NULL,105,"2025-09-01 00:00:00.000",NULL,0,NULL,0,Regular,0,1,NULL,NULL,NULL,"",0,0.0,0.0,0.0,0,NULL,NULL,NULL,NULL,NULL,NULL,NULL,NULL,NULL,NULL,NULL,0.0,0.0,0.0,0.0,0.0,NULL,NULL,NULL,NULL,0.0,NULL,NULL,NULL,NULL,NULL,NULL,NULL,0,NULL,NULL,-1,NULL,NULL
NARANJODL,"2025-09-05 13:50:02.000",19,251201-0004,8,NULL,105,"2025-12-01 00:00:00.000",NULL,0,NULL,0,Regular,0,1,NULL,NULL,NULL,"",0,0.0,0.0,0.0,0,NULL,NULL,NULL,NULL,NULL,NULL,NULL,NULL,NULL,NULL,NULL,0.0,0.0,0.0,0.0,0.0,NULL,NULL,NULL,NULL,0.0,NULL,NULL,NULL,NULL,NULL,NULL,NULL,0,NULL,NULL,-1,NULL,NULL
NARANJODL,"2025-09-05 13:50:02.000",20,260302-0005,8,NULL,105,"2026-03-02 00:00:00.000",NULL,0,NULL,0,Regular,0,1,NULL,NULL,NULL,"",0,0.0,0.0,0.0,0,NULL,NULL,NULL,NULL,NULL,NULL,NULL,NULL,NULL,NULL,NULL,0.0,0.0,0.0,0.0,0.0,NULL,NULL,NULL,NULL,0.0,NULL,NULL,NULL,NULL,NULL,NULL,NULL,0,NULL,NULL,-1,NULL,NULL
NARANJODL,"2025-09-05 13:50:03.000",21,260601-0004,8,NULL,105,"2026-06-01 00:00:00.000",NULL,0,NULL,0,Regular,0,1,NULL,NULL,NULL,"",0,0.0,0.0,0.0,0,NULL,NULL,NULL,NULL,NULL,NULL,NULL,NULL,NULL,NULL,NULL,0.0,0.0,0.0,0.0,0.0,NULL,NULL,NULL,NULL,0.0,NULL,NULL,NULL,NULL,NULL,NULL,NULL,0,NULL,NULL,-1,NULL,NULL
NARANJODL,"2025-09-05 14:00:05.000",22,251006-0002,9,NULL,106,"2025-10-06 00:00:00.000",NULL,0,NULL,0,Regular,0,1,NULL,NULL,NULL,"",0,0.0,0.0,0.0,0,NULL,NULL,NULL,NULL,NULL,NULL,NULL,NULL,NULL,NULL,NULL,0.0,0.0,0.0,0.0,0.0,NULL,NULL,NULL,NULL,0.0,NULL,NULL,NULL,NULL,NULL,NULL,NULL,0,NULL,NULL,-1,NULL,NULL
NARANJODL,"2025-09-05 14:00:05.000",23,260105-0002,9,NULL,106,"2026-01-05 00:00:00.000",NULL,0,NULL,0,Regular,0,1,NULL,NULL,NULL,"",0,0.0,0.0,0.0,0,NULL,NULL,NULL,NULL,NULL,NULL,NULL,NULL,NULL,NULL,NULL,0.0,0.0,0.0,0.0,0.0,NULL,NULL,NULL,NULL,0.0,NULL,NULL,NULL,NULL,NULL,NULL,NULL,0,NULL,NULL,-1,NULL,NULL
NARANJODL,"2025-09-05 14:00:05.000",24,260406-0002,9,NULL,106,"2026-04-06 00:00:00.000",NULL,0,NULL,0,Regular,0,1,NULL,NULL,NULL,"",0,0.0,0.0,0.0,0,NULL,NULL,NULL,NULL,NULL,NULL,NULL,NULL,NULL,NULL,NULL,0.0,0.0,0.0,0.0,0.0,NULL,NULL,NULL,NULL,0.0,NULL,NULL,NULL,NULL,NULL,NULL,NULL,0,NULL,NULL,-1,NULL,NULL
NARANJODL,"2025-09-05 14:00:05.000",25,260706-0002,9,NULL,106,"2026-07-06 00:00:00.000",NULL,0,NULL,0,Regular,0,1,NULL,NULL,NULL,"",0,0.0,0.0,0.0,0,NULL,NULL,NULL,NULL,NULL,NULL,NULL,NULL,NULL,NULL,NULL,0.0,0.0,0.0,0.0,0.0,NULL,NULL,NULL,NULL,0.0,NULL,NULL,NULL,NULL,NULL,NULL,NULL,0,NULL,NULL,-1,NULL,NULL
NARANJODL,"2025-09-05 14:04:56.000",26,250901-0005,10,NULL,106,"2025-09-01 00:00:00.000",NULL,0,NULL,0,Regular,0,2,NULL,NULL,NULL,"",0,0.0,0.0,0.0,0,NULL,NULL,NULL,NULL,NULL,NULL,NULL,NULL,NULL,NULL,NULL,0.0,0.0,0.0,0.0,0.0,NULL,NULL,NULL,NULL,0.0,NULL,NULL,NULL,NULL,NULL,NULL,NULL,0,NULL,NULL,-1,NULL,NULL
NARANJODL,"2025-09-05 14:04:57.000",27,260302-0006,10,NULL,106,"2026-03-02 00:00:00.000",NULL,0,NULL,0,Regular,0,2,NULL,NULL,NULL,"",0,0.0,0.0,0.0,0,NULL,NULL,NULL,NULL,NULL,NULL,NULL,NULL,NULL,NULL,NULL,0.0,0.0,0.0,0.0,0.0,NULL,NULL,NULL,NULL,0.0,NULL,NULL,NULL,NULL,NULL,NULL,NULL,0,NULL,NULL,-1,NULL,NULL
NARANJODL,"2025-09-05 14:06:57.000",28,250901-0006,11,NULL,107,"2025-09-01 00:00:00.000",NULL,0,NULL,0,Regular,0,1,NULL,NULL,NULL,"",0,0.0,0.0,0.0,0,NULL,NULL,NULL,NULL,NULL,NULL,NULL,NULL,NULL,NULL,NULL,0.0,0.0,0.0,0.0,0.0,NULL,NULL,NULL,NULL,0.0,NULL,NULL,NULL,NULL,NULL,NULL,NULL,0,NULL,NULL,-1,NULL,NULL
NARANJODL,"2025-09-05 14:06:58.000",29,251201-0005,11,NULL,107,"2025-12-01 00:00:00.000",NULL,0,NULL,0,Regular,0,1,NULL,NULL,NULL,"",0,0.0,0.0,0.0,0,NULL,NULL,NULL,NULL,NULL,NULL,NULL,NULL,NULL,NULL,NULL,0.0,0.0,0.0,0.0,0.0,NULL,NULL,NULL,NULL,0.0,NULL,NULL,NULL,NULL,NULL,NULL,NULL,0,NULL,NULL,-1,NULL,NULL
NARANJODL,"2025-09-05 14:06:58.000",30,260302-0007,11,NULL,107,"2026-03-02 00:00:00.000",NULL,0,NULL,0,Regular,0,1,NULL,NULL,NULL,"",0,0.0,0.0,0.0,0,NULL,NULL,NULL,NULL,NULL,NULL,NULL,NULL,NULL,NULL,NULL,0.0,0.0,0.0,0.0,0.0,NULL,NULL,NULL,NULL,0.0,NULL,NULL,NULL,NULL,NULL,NULL,NULL,0,NULL,NULL,-1,NULL,NULL
NARANJODL,"2025-09-05 14:06:58.000",31,260601-0005,11,NULL,107,"2026-06-01 00:00:00.000",NULL,0,NULL,0,Regular,0,1,NULL,NULL,NULL,"",0,0.0,0.0,0.0,0,NULL,NULL,NULL,NULL,NULL,NULL,NULL,NULL,NULL,NULL,NULL,0.0,0.0,0.0,0.0,0.0,NULL,NULL,NULL,NULL,0.0,NULL,NULL,NULL,NULL,NULL,NULL,NULL,0,NULL,NULL,-1,NULL,NULL
NARANJODL,"2025-09-05 14:11:29.000",32,250901-0007,12,NULL,107,"2025-09-01 00:00:00.000",NULL,0,NULL,0,Regular,0,2,NULL,NULL,NULL,"",0,0.0,0.0,0.0,0,NULL,NULL,NULL,NULL,NULL,NULL,NULL,NULL,NULL,NULL,"",0.0,0.0,0.0,0.0,0.0,NULL,NULL,NULL,NULL,0.0,NULL,NULL,NULL,NULL,NULL,NULL,NULL,0,NULL,NULL,-1,NULL,NULL
NARANJODL,"2025-09-05 14:11:29.000",33,260302-0008,12,NULL,107,"2026-03-02 00:00:00.000",NULL,0,NULL,0,Regular,0,2,NULL,NULL,NULL,"",0,0.0,0.0,0.0,0,NULL,NULL,NULL,NULL,NULL,NULL,NULL,NULL,NULL,NULL,"",0.0,0.0,0.0,0.0,0.0,NULL,NULL,NULL,NULL,0.0,NULL,NULL,NULL,NULL,NULL,NULL,NULL,0,NULL,NULL,-1,NULL,NULL
NARANJODL,"2025-09-05 14:14:43.000",34,251006-0003,13,NULL,108,"2025-10-06 00:00:00.000",NULL,0,NULL,0,Regular,0,1,NULL,NULL,NULL,"",0,0.0,0.0,0.0,0,NULL,NULL,NULL,NULL,NULL,NULL,NULL,NULL,NULL,NULL,NULL,0.0,0.0,0.0,0.0,0.0,NULL,NULL,NULL,NULL,0.0,NULL,NULL,NULL,NULL,NULL,NULL,NULL,0,NULL,NULL,-1,NULL,NULL
NARANJODL,"2025-09-05 14:14:43.000",35,260105-0003,13,NULL,108,"2026-01-05 00:00:00.000",NULL,0,NULL,0,Regular,0,1,NULL,NULL,NULL,"",0,0.0,0.0,0.0,0,NULL,NULL,NULL,NULL,NULL,NULL,NULL,NULL,NULL,NULL,NULL,0.0,0.0,0.0,0.0,0.0,NULL,NULL,NULL,NULL,0.0,NULL,NULL,NULL,NULL,NULL,NULL,NULL,0,NULL,NULL,-1,NULL,NULL
NARANJODL,"2025-09-05 14:14:44.000",36,260406-0003,13,NULL,108,"2026-04-06 00:00:00.000",NULL,0,NULL,0,Regular,0,1,NULL,NULL,NULL,"",0,0.0,0.0,0.0,0,NULL,NULL,NULL,NULL,NULL,NULL,NULL,NULL,NULL,NULL,NULL,0.0,0.0,0.0,0.0,0.0,NULL,NULL,NULL,NULL,0.0,NULL,NULL,NULL,NULL,NULL,NULL,NULL,0,NULL,NULL,-1,NULL,NULL
NARANJODL,"2025-09-05 14:14:44.000",37,260706-0003,13,NULL,108,"2026-07-06 00:00:00.000",NULL,0,NULL,0,Regular,0,1,NULL,NULL,NULL,"",0,0.0,0.0,0.0,0,NULL,NULL,NULL,NULL,NULL,NULL,NULL,NULL,NULL,NULL,NULL,0.0,0.0,0.0,0.0,0.0,NULL,NULL,NULL,NULL,0.0,NULL,NULL,NULL,NULL,NULL,NULL,NULL,0,NULL,NULL,-1,NULL,NULL
NARANJODL,"2025-09-05 14:17:32.000",38,250901-0008,14,NULL,109,"2025-09-01 00:00:00.000",NULL,0,NULL,0,Regular,0,1,NULL,NULL,NULL,"",0,0.0,0.0,0.0,0,NULL,NULL,NULL,NULL,NULL,NULL,NULL,NULL,NULL,NULL,NULL,0.0,0.0,0.0,0.0,0.0,NULL,NULL,NULL,NULL,0.0,NULL,NULL,NULL,NULL,NULL,NULL,NULL,0,NULL,NULL,-1,NULL,NULL
NARANJODL,"2025-09-05 14:17:32.000",39,251201-0006,14,NULL,109,"2025-12-01 00:00:00.000",NULL,0,NULL,0,Regular,0,1,NULL,NULL,NULL,"",0,0.0,0.0,0.0,0,NULL,NULL,NULL,NULL,NULL,NULL,NULL,NULL,NULL,NULL,NULL,0.0,0.0,0.0,0.0,0.0,NULL,NULL,NULL,NULL,0.0,NULL,NULL,NULL,NULL,NULL,NULL,NULL,0,NULL,NULL,-1,NULL,NULL
NARANJODL,"2025-09-05 14:17:32.000",40,260302-0009,14,NULL,109,"2026-03-02 00:00:00.000",NULL,0,NULL,0,Regular,0,1,NULL,NULL,NULL,"",0,0.0,0.0,0.0,0,NULL,NULL,NULL,NULL,NULL,NULL,NULL,NULL,NULL,NULL,NULL,0.0,0.0,0.0,0.0,0.0,NULL,NULL,NULL,NULL,0.0,NULL,NULL,NULL,NULL,NULL,NULL,NULL,0,NULL,NULL,-1,NULL,NULL
NARANJODL,"2025-09-05 14:17:32.000",41,260601-0006,14,NULL,109,"2026-06-01 00:00:00.000",NULL,0,NULL,0,Regular,0,1,NULL,NULL,NULL,"",0,0.0,0.0,0.0,0,NULL,NULL,NULL,NULL,NULL,NULL,NULL,NULL,NULL,NULL,NULL,0.0,0.0,0.0,0.0,0.0,NULL,NULL,NULL,NULL,0.0,NULL,NULL,NULL,NULL,NULL,NULL,NULL,0,NULL,NULL,-1,NULL,NULL
NARANJODL,"2025-09-05 14:20:18.000",42,250901-0009,15,NULL,110,"2025-09-01 00:00:00.000",NULL,0,NULL,0,Regular,0,1,NULL,NULL,NULL,"",0,0.0,0.0,0.0,0,NULL,NULL,NULL,NULL,NULL,NULL,NULL,NULL,NULL,NULL,NULL,0.0,0.0,0.0,0.0,0.0,NULL,NULL,NULL,NULL,0.0,NULL,NULL,NULL,NULL,NULL,NULL,NULL,0,NULL,NULL,-1,NULL,NULL
NARANJODL,"2025-09-05 14:20:19.000",43,251201-0007,15,NULL,110,"2025-12-01 00:00:00.000",NULL,0,NULL,0,Regular,0,1,NULL,NULL,NULL,"",0,0.0,0.0,0.0,0,NULL,NULL,NULL,NULL,NULL,NULL,NULL,NULL,NULL,NULL,NULL,0.0,0.0,0.0,0.0,0.0,NULL,NULL,NULL,NULL,0.0,NULL,NULL,NULL,NULL,NULL,NULL,NULL,0,NULL,NULL,-1,NULL,NULL
NARANJODL,"2025-09-05 14:20:19.000",44,260302-0010,15,NULL,110,"2026-03-02 00:00:00.000",NULL,0,NULL,0,Regular,0,1,NULL,NULL,NULL,"",0,0.0,0.0,0.0,0,NULL,NULL,NULL,NULL,NULL,NULL,NULL,NULL,NULL,NULL,NULL,0.0,0.0,0.0,0.0,0.0,NULL,NULL,NULL,NULL,0.0,NULL,NULL,NULL,NULL,NULL,NULL,NULL,0,NULL,NULL,-1,NULL,NULL
NARANJODL,"2025-09-05 14:20:19.000",45,260601-0007,15,NULL,110,"2026-06-01 00:00:00.000",NULL,0,NULL,0,Regular,0,1,NULL,NULL,NULL,"",0,0.0,0.0,0.0,0,NULL,NULL,NULL,NULL,NULL,NULL,NULL,NULL,NULL,NULL,NULL,0.0,0.0,0.0,0.0,0.0,NULL,NULL,NULL,NULL,0.0,NULL,NULL,NULL,NULL,NULL,NULL,NULL,0,NULL,NULL,-1,NULL,NULL
NARANJODL,"2025-09-05 14:24:04.000",46,250901-0010,16,NULL,110,"2025-09-01 00:00:00.000",NULL,0,NULL,0,Regular,0,2,NULL,NULL,NULL,"",0,0.0,0.0,0.0,0,NULL,NULL,NULL,NULL,NULL,NULL,NULL,NULL,NULL,NULL,NULL,0.0,0.0,0.0,0.0,0.0,NULL,NULL,NULL,NULL,0.0,NULL,NULL,NULL,NULL,NULL,NULL,NULL,0,NULL,NULL,-1,NULL,NULL
NARANJODL,"2025-09-05 14:24:04.000",47,260302-0011,16,NULL,110,"2026-03-02 00:00:00.000",NULL,0,NULL,0,Regular,0,2,NULL,NULL,NULL,"",0,0.0,0.0,0.0,0,NULL,NULL,NULL,NULL,NULL,NULL,NULL,NULL,NULL,NULL,NULL,0.0,0.0,0.0,0.0,0.0,NULL,NULL,NULL,NULL,0.0,NULL,NULL,NULL,NULL,NULL,NULL,NULL,0,NULL,NULL,-1,NULL,NULL
NARANJODL,"2025-09-05 14:27:11.000",48,251006-0004,17,NULL,111,"2025-10-06 00:00:00.000",NULL,0,NULL,0,Regular,0,1,NULL,NULL,NULL,"",0,0.0,0.0,0.0,0,NULL,NULL,NULL,NULL,NULL,NULL,NULL,NULL,NULL,NULL,NULL,0.0,0.0,0.0,0.0,0.0,NULL,NULL,NULL,NULL,0.0,NULL,NULL,NULL,NULL,NULL,NULL,NULL,0,NULL,NULL,-1,NULL,NULL
NARANJODL,"2025-09-05 14:27:11.000",49,260105-0004,17,NULL,111,"2026-01-05 00:00:00.000",NULL,0,NULL,0,Regular,0,1,NULL,NULL,NULL,"",0,0.0,0.0,0.0,0,NULL,NULL,NULL,NULL,NULL,NULL,NULL,NULL,NULL,NULL,NULL,0.0,0.0,0.0,0.0,0.0,NULL,NULL,NULL,NULL,0.0,NULL,NULL,NULL,NULL,NULL,NULL,NULL,0,NULL,NULL,-1,NULL,NULL
NARANJODL,"2025-09-05 14:27:11.000",50,260406-0004,17,NULL,111,"2026-04-06 00:00:00.000",NULL,0,NULL,0,Regular,0,1,NULL,NULL,NULL,"",0,0.0,0.0,0.0,0,NULL,NULL,NULL,NULL,NULL,NULL,NULL,NULL,NULL,NULL,NULL,0.0,0.0,0.0,0.0,0.0,NULL,NULL,NULL,NULL,0.0,NULL,NULL,NULL,NULL,NULL,NULL,NULL,0,NULL,NULL,-1,NULL,NULL
NARANJODL,"2025-09-05 14:27:11.000",51,260706-0004,17,NULL,111,"2026-07-06 00:00:00.000",NULL,0,NULL,0,Regular,0,1,NULL,NULL,NULL,"",0,0.0,0.0,0.0,0,NULL,NULL,NULL,NULL,NULL,NULL,NULL,NULL,NULL,NULL,NULL,0.0,0.0,0.0,0.0,0.0,NULL,NULL,NULL,NULL,0.0,NULL,NULL,NULL,NULL,NULL,NULL,NULL,0,NULL,NULL,-1,NULL,NULL
NARANJODL,"2025-09-05 14:32:55.000",52,250901-0011,17,NULL,111,"2025-09-01 00:00:00.000",NULL,0,NULL,0,Regular,0,1,NULL,NULL,NULL,"",0,0.0,0.0,0.0,0,NULL,NULL,NULL,NULL,NULL,NULL,NULL,NULL,NULL,NULL,NULL,0.0,0.0,0.0,0.0,0.0,NULL,NULL,NULL,NULL,0.0,NULL,NULL,NULL,NULL,NULL,NULL,NULL,0,NULL,NULL,-1,NULL,NULL
NARANJODL,"2025-09-05 14:32:55.000",53,251201-0008,17,NULL,111,"2025-12-01 00:00:00.000",NULL,0,NULL,0,Regular,0,1,NULL,NULL,NULL,"",0,0.0,0.0,0.0,0,NULL,NULL,NULL,NULL,NULL,NULL,NULL,NULL,NULL,NULL,NULL,0.0,0.0,0.0,0.0,0.0,NULL,NULL,NULL,NULL,0.0,NULL,NULL,NULL,NULL,NULL,NULL,NULL,0,NULL,NULL,-1,NULL,NULL
NARANJODL,"2025-09-05 14:32:55.000",54,260302-0012,17,NULL,111,"2026-03-02 00:00:00.000",NULL,0,NULL,0,Regular,0,1,NULL,NULL,NULL,"",0,0.0,0.0,0.0,0,NULL,NULL,NULL,NULL,NULL,NULL,NULL,NULL,NULL,NULL,NULL,0.0,0.0,0.0,0.0,0.0,NULL,NULL,NULL,NULL,0.0,NULL,NULL,NULL,NULL,NULL,NULL,NULL,0,NULL,NULL,-1,NULL,NULL
NARANJODL,"2025-09-05 14:32:55.000",55,260601-0008,17,NULL,111,"2026-06-01 00:00:00.000",NULL,0,NULL,0,Regular,0,1,NULL,NULL,NULL,"",0,0.0,0.0,0.0,0,NULL,NULL,NULL,NULL,NULL,NULL,NULL,NULL,NULL,NULL,NULL,0.0,0.0,0.0,0.0,0.0,NULL,NULL,NULL,NULL,0.0,NULL,NULL,NULL,NULL,NULL,NULL,NULL,0,NULL,NULL,-1,NULL,NULL
NARANJODL,"2025-09-05 14:35:15.000",56,250901-0012,18,NULL,112,"2025-09-01 00:00:00.000",NULL,0,NULL,0,Regular,0,1,NULL,NULL,NULL,"",0,0.0,0.0,0.0,0,NULL,NULL,NULL,NULL,NULL,NULL,NULL,NULL,NULL,NULL,NULL,0.0,0.0,0.0,0.0,0.0,NULL,NULL,NULL,NULL,0.0,NULL,NULL,NULL,NULL,NULL,NULL,NULL,0,NULL,NULL,-1,NULL,NULL
NARANJODL,"2025-09-05 14:35:15.000",57,251201-0009,18,NULL,112,"2025-12-01 00:00:00.000",NULL,0,NULL,0,Regular,0,1,NULL,NULL,NULL,"",0,0.0,0.0,0.0,0,NULL,NULL,NULL,NULL,NULL,NULL,NULL,NULL,NULL,NULL,NULL,0.0,0.0,0.0,0.0,0.0,NULL,NULL,NULL,NULL,0.0,NULL,NULL,NULL,NULL,NULL,NULL,NULL,0,NULL,NULL,-1,NULL,NULL
NARANJODL,"2025-09-05 14:35:15.000",58,260302-0013,18,NULL,112,"2026-03-02 00:00:00.000",NULL,0,NULL,0,Regular,0,1,NULL,NULL,NULL,"",0,0.0,0.0,0.0,0,NULL,NULL,NULL,NULL,NULL,NULL,NULL,NULL,NULL,NULL,NULL,0.0,0.0,0.0,0.0,0.0,NULL,NULL,NULL,NULL,0.0,NULL,NULL,NULL,NULL,NULL,NULL,NULL,0,NULL,NULL,-1,NULL,NULL
NARANJODL,"2025-09-05 14:35:15.000",59,260601-0009,18,NULL,112,"2026-06-01 00:00:00.000",NULL,0,NULL,0,Regular,0,1,NULL,NULL,NULL,"",0,0.0,0.0,0.0,0,NULL,NULL,NULL,NULL,NULL,NULL,NULL,NULL,NULL,NULL,NULL,0.0,0.0,0.0,0.0,0.0,NULL,NULL,NULL,NULL,0.0,NULL,NULL,NULL,NULL,NULL,NULL,NULL,0,NULL,NULL,-1,NULL,NULL
NARANJODL,"2025-09-05 14:38:32.000",60,250901-0013,19,NULL,113,"2025-09-01 00:00:00.000",NULL,0,NULL,0,Regular,0,1,NULL,NULL,NULL,"",0,0.0,0.0,0.0,0,NULL,NULL,NULL,NULL,NULL,NULL,NULL,NULL,NULL,NULL,NULL,0.0,0.0,0.0,0.0,0.0,NULL,NULL,NULL,NULL,0.0,NULL,NULL,NULL,NULL,NULL,NULL,NULL,0,NULL,NULL,-1,NULL,NULL
NARANJODL,"2025-09-05 14:38:32.000",61,251201-0010,19,NULL,113,"2025-12-01 00:00:00.000",NULL,0,NULL,0,Regular,0,1,NULL,NULL,NULL,"",0,0.0,0.0,0.0,0,NULL,NULL,NULL,NULL,NULL,NULL,NULL,NULL,NULL,NULL,NULL,0.0,0.0,0.0,0.0,0.0,NULL,NULL,NULL,NULL,0.0,NULL,NULL,NULL,NULL,NULL,NULL,NULL,0,NULL,NULL,-1,NULL,NULL
NARANJODL,"2025-09-05 14:38:33.000",62,260302-0014,19,NULL,113,"2026-03-02 00:00:00.000",NULL,0,NULL,0,Regular,0,1,NULL,NULL,NULL,"",0,0.0,0.0,0.0,0,NULL,NULL,NULL,NULL,NULL,NULL,NULL,NULL,NULL,NULL,NULL,0.0,0.0,0.0,0.0,0.0,NULL,NULL,NULL,NULL,0.0,NULL,NULL,NULL,NULL,NULL,NULL,NULL,0,NULL,NULL,-1,NULL,NULL
NARANJODL,"2025-09-05 14:38:33.000",63,260601-0010,19,NULL,113,"2026-06-01 00:00:00.000",NULL,0,NULL,0,Regular,0,1,NULL,NULL,NULL,"",0,0.0,0.0,0.0,0,NULL,NULL,NULL,NULL,NULL,NULL,NULL,NULL,NULL,NULL,NULL,0.0,0.0,0.0,0.0,0.0,NULL,NULL,NULL,NULL,0.0,NULL,NULL,NULL,NULL,NULL,NULL,NULL,0,NULL,NULL,-1,NULL,NULL
NARANJODL,"2025-09-05 14:42:18.000",64,250901-0014,20,NULL,114,"2025-09-01 00:00:00.000",NULL,0,NULL,0,Regular,0,1,NULL,NULL,NULL,"",0,0.0,0.0,0.0,0,NULL,NULL,NULL,NULL,NULL,NULL,NULL,NULL,NULL,NULL,NULL,0.0,0.0,0.0,0.0,0.0,NULL,NULL,NULL,NULL,0.0,NULL,NULL,NULL,NULL,NULL,NULL,NULL,0,NULL,NULL,-1,NULL,NULL
NARANJODL,"2025-09-05 14:42:18.000",65,251201-0011,20,NULL,114,"2025-12-01 00:00:00.000",NULL,0,NULL,0,Regular,0,1,NULL,NULL,NULL,"",0,0.0,0.0,0.0,0,NULL,NULL,NULL,NULL,NULL,NULL,NULL,NULL,NULL,NULL,NULL,0.0,0.0,0.0,0.0,0.0,NULL,NULL,NULL,NULL,0.0,NULL,NULL,NULL,NULL,NULL,NULL,NULL,0,NULL,NULL,-1,NULL,NULL
NARANJODL,"2025-09-05 14:42:18.000",66,260302-0015,20,NULL,114,"2026-03-02 00:00:00.000",NULL,0,NULL,0,Regular,0,1,NULL,NULL,NULL,"",0,0.0,0.0,0.0,0,NULL,NULL,NULL,NULL,NULL,NULL,NULL,NULL,NULL,NULL,NULL,0.0,0.0,0.0,0.0,0.0,NULL,NULL,NULL,NULL,0.0,NULL,NULL,NULL,NULL,NULL,NULL,NULL,0,NULL,NULL,-1,NULL,NULL
NARANJODL,"2025-09-05 14:42:18.000",67,260601-0011,20,NULL,114,"2026-06-01 00:00:00.000",NULL,0,NULL,0,Regular,0,1,NULL,NULL,NULL,"",0,0.0,0.0,0.0,0,NULL,NULL,NULL,NULL,NULL,NULL,NULL,NULL,NULL,NULL,NULL,0.0,0.0,0.0,0.0,0.0,NULL,NULL,NULL,NULL,0.0,NULL,NULL,NULL,NULL,NULL,NULL,NULL,0,NULL,NULL,-1,NULL,NULL
NARANJODL,"2025-09-05 14:46:53.000",68,250901-0015,21,NULL,115,"2025-09-01 00:00:00.000",NULL,0,NULL,0,Regular,0,1,NULL,NULL,NULL,"",0,0.0,0.0,0.0,0,NULL,NULL,NULL,NULL,NULL,NULL,NULL,NULL,NULL,NULL,NULL,0.0,0.0,0.0,0.0,0.0,NULL,NULL,NULL,NULL,0.0,NULL,NULL,NULL,NULL,NULL,NULL,NULL,0,NULL,NULL,-1,NULL,NULL
NARANJODL,"2025-09-05 14:46:53.000",69,251201-0012,21,NULL,115,"2025-12-01 00:00:00.000",NULL,0,NULL,0,Regular,0,1,NULL,NULL,NULL,"",0,0.0,0.0,0.0,0,NULL,NULL,NULL,NULL,NULL,NULL,NULL,NULL,NULL,NULL,NULL,0.0,0.0,0.0,0.0,0.0,NULL,NULL,NULL,NULL,0.0,NULL,NULL,NULL,NULL,NULL,NULL,NULL,0,NULL,NULL,-1,NULL,NULL
NARANJODL,"2025-09-05 14:46:53.000",70,260302-0016,21,NULL,115,"2026-03-02 00:00:00.000",NULL,0,NULL,0,Regular,0,1,NULL,NULL,NULL,"",0,0.0,0.0,0.0,0,NULL,NULL,NULL,NULL,NULL,NULL,NULL,NULL,NULL,NULL,NULL,0.0,0.0,0.0,0.0,0.0,NULL,NULL,NULL,NULL,0.0,NULL,NULL,NULL,NULL,NULL,NULL,NULL,0,NULL,NULL,-1,NULL,NULL
NARANJODL,"2025-09-05 14:46:53.000",71,260601-0012,21,NULL,115,"2026-06-01 00:00:00.000",NULL,0,NULL,0,Regular,0,1,NULL,NULL,NULL,"",0,0.0,0.0,0.0,0,NULL,NULL,NULL,NULL,NULL,NULL,NULL,NULL,NULL,NULL,NULL,0.0,0.0,0.0,0.0,0.0,NULL,NULL,NULL,NULL,0.0,NULL,NULL,NULL,NULL,NULL,NULL,NULL,0,NULL,NULL,-1,NULL,NULL
NARANJODL,"2025-09-05 14:49:16.000",72,250901-0016,22,NULL,117,"2025-09-01 00:00:00.000",NULL,0,NULL,0,Regular,0,1,NULL,NULL,NULL,"",0,0.0,0.0,0.0,0,NULL,NULL,NULL,NULL,NULL,NULL,NULL,NULL,NULL,NULL,NULL,0.0,0.0,0.0,0.0,0.0,NULL,NULL,NULL,NULL,0.0,NULL,NULL,NULL,NULL,NULL,NULL,NULL,0,NULL,NULL,-1,NULL,NULL
NARANJODL,"2025-09-05 14:49:16.000",73,251201-0013,22,NULL,117,"2025-12-01 00:00:00.000",NULL,0,NULL,0,Regular,0,1,NULL,NULL,NULL,"",0,0.0,0.0,0.0,0,NULL,NULL,NULL,NULL,NULL,NULL,NULL,NULL,NULL,NULL,NULL,0.0,0.0,0.0,0.0,0.0,NULL,NULL,NULL,NULL,0.0,NULL,NULL,NULL,NULL,NULL,NULL,NULL,0,NULL,NULL,-1,NULL,NULL
NARANJODL,"2025-09-05 14:49:17.000",74,260302-0017,22,NULL,117,"2026-03-02 00:00:00.000",NULL,0,NULL,0,Regular,0,1,NULL,NULL,NULL,"",0,0.0,0.0,0.0,0,NULL,NULL,NULL,NULL,NULL,NULL,NULL,NULL,NULL,NULL,NULL,0.0,0.0,0.0,0.0,0.0,NULL,NULL,NULL,NULL,0.0,NULL,NULL,NULL,NULL,NULL,NULL,NULL,0,NULL,NULL,-1,NULL,NULL
NARANJODL,"2025-09-05 14:49:18.000",75,260601-0013,22,NULL,117,"2026-06-01 00:00:00.000",NULL,0,NULL,0,Regular,0,1,NULL,NULL,NULL,"",0,0.0,0.0,0.0,0,NULL,NULL,NULL,NULL,NULL,NULL,NULL,NULL,NULL,NULL,NULL,0.0,0.0,0.0,0.0,0.0,NULL,NULL,NULL,NULL,0.0,NULL,NULL,NULL,NULL,NULL,NULL,NULL,0,NULL,NULL,-1,NULL,NULL
NARANJODL,"2025-09-05 14:51:57.000",76,250901-0017,23,NULL,118,"2025-09-01 00:00:00.000",NULL,0,NULL,0,Regular,0,1,NULL,NULL,NULL,"",0,0.0,0.0,0.0,0,NULL,NULL,NULL,NULL,NULL,NULL,NULL,NULL,NULL,NULL,NULL,0.0,0.0,0.0,0.0,0.0,NULL,NULL,NULL,NULL,0.0,NULL,NULL,NULL,NULL,NULL,NULL,NULL,0,NULL,NULL,-1,NULL,NULL
NARANJODL,"2025-09-05 14:51:57.000",77,251201-0014,23,NULL,118,"2025-12-01 00:00:00.000",NULL,0,NULL,0,Regular,0,1,NULL,NULL,NULL,"",0,0.0,0.0,0.0,0,NULL,NULL,NULL,NULL,NULL,NULL,NULL,NULL,NULL,NULL,NULL,0.0,0.0,0.0,0.0,0.0,NULL,NULL,NULL,NULL,0.0,NULL,NULL,NULL,NULL,NULL,NULL,NULL,0,NULL,NULL,-1,NULL,NULL
NARANJODL,"2025-09-05 14:51:57.000",78,260302-0018,23,NULL,118,"2026-03-02 00:00:00.000",NULL,0,NULL,0,Regular,0,1,NULL,NULL,NULL,"",0,0.0,0.0,0.0,0,NULL,NULL,NULL,NULL,NULL,NULL,NULL,NULL,NULL,NULL,NULL,0.0,0.0,0.0,0.0,0.0,NULL,NULL,NULL,NULL,0.0,NULL,NULL,NULL,NULL,NULL,NULL,NULL,0,NULL,NULL,-1,NULL,NULL
NARANJODL,"2025-09-05 14:51:57.000",79,260601-0014,23,NULL,118,"2026-06-01 00:00:00.000",NULL,0,NULL,0,Regular,0,1,NULL,NULL,NULL,"",0,0.0,0.0,0.0,0,NULL,NULL,NULL,NULL,NULL,NULL,NULL,NULL,NULL,NULL,NULL,0.0,0.0,0.0,0.0,0.0,NULL,NULL,NULL,NULL,0.0,NULL,NULL,NULL,NULL,NULL,NULL,NULL,0,NULL,NULL,-1,NULL,NULL
NARANJODL,"2025-09-08 12:46:05.000",95,251201-0018,28,NULL,122,"2025-12-01 00:00:00.000",NULL,0,NULL,0,Regular,0,1,NULL,NULL,NULL,"",0,0.0,0.0,0.0,0,NULL,NULL,NULL,NULL,NULL,NULL,NULL,NULL,NULL,NULL,NULL,0.0,0.0,0.0,0.0,0.0,NULL,NULL,NULL,NULL,0.0,NULL,NULL,NULL,NULL,NULL,NULL,NULL,0,NULL,NULL,-1,NULL,NULL
NARANJODL,"2025-09-08 12:46:05.000",96,260302-0023,28,NULL,122,"2026-03-02 00:00:00.000",NULL,0,NULL,0,Regular,0,1,NULL,NULL,NULL,"",0,0.0,0.0,0.0,0,NULL,NULL,NULL,NULL,NULL,NULL,NULL,NULL,NULL,NULL,NULL,0.0,0.0,0.0,0.0,0.0,NULL,NULL,NULL,NULL,0.0,NULL,NULL,NULL,NULL,NULL,NULL,NULL,0,NULL,NULL,-1,NULL,NULL
NARANJODL,"2025-09-08 12:46:05.000",97,260601-0018,28,NULL,122,"2026-06-01 00:00:00.000",NULL,0,NULL,0,Regular,0,1,NULL,NULL,NULL,"",0,0.0,0.0,0.0,0,NULL,NULL,NULL,NULL,NULL,NULL,NULL,NULL,NULL,NULL,NULL,0.0,0.0,0.0,0.0,0.0,NULL,NULL,NULL,NULL,0.0,NULL,NULL,NULL,NULL,NULL,NULL,NULL,0,NULL,NULL,-1,NULL,NULL
NARANJODL,"2025-09-08 12:48:24.000",98,250901-0023,29,NULL,123,"2025-09-01 00:00:00.000",NULL,0,NULL,0,Regular,0,1,NULL,NULL,NULL,"",0,0.0,0.0,0.0,0,NULL,NULL,NULL,NULL,NULL,NULL,NULL,NULL,NULL,NULL,NULL,0.0,0.0,0.0,0.0,0.0,NULL,NULL,NULL,NULL,0.0,NULL,NULL,NULL,NULL,NULL,NULL,NULL,0,NULL,NULL,-1,NULL,NULL
NARANJODL,"2025-09-08 12:48:25.000",99,251201-0019,29,NULL,123,"2025-12-01 00:00:00.000",NULL,0,NULL,0,Regular,0,1,NULL,NULL,NULL,"",0,0.0,0.0,0.0,0,NULL,NULL,NULL,NULL,NULL,NULL,NULL,NULL,NULL,NULL,NULL,0.0,0.0,0.0,0.0,0.0,NULL,NULL,NULL,NULL,0.0,NULL,NULL,NULL,NULL,NULL,NULL,NULL,0,NULL,NULL,-1,NULL,NULL
NARANJODL,"2025-09-08 12:48:25.000",100,260302-0024,29,NULL,123,"2026-03-02 00:00:00.000",NULL,0,NULL,0,Regular,0,1,NULL,NULL,NULL,"",0,0.0,0.0,0.0,0,NULL,NULL,NULL,NULL,NULL,NULL,NULL,NULL,NULL,NULL,NULL,0.0,0.0,0.0,0.0,0.0,NULL,NULL,NULL,NULL,0.0,NULL,NULL,NULL,NULL,NULL,NULL,NULL,0,NULL,NULL,-1,NULL,NULL
NARANJODL,"2025-09-08 12:48:25.000",101,260601-0019,29,NULL,123,"2026-06-01 00:00:00.000",NULL,0,NULL,0,Regular,0,1,NULL,NULL,NULL,"",0,0.0,0.0,0.0,0,NULL,NULL,NULL,NULL,NULL,NULL,NULL,NULL,NULL,NULL,NULL,0.0,0.0,0.0,0.0,0.0,NULL,NULL,NULL,NULL,0.0,NULL,NULL,NULL,NULL,NULL,NULL,NULL,0,NULL,NULL,-1,NULL,NULL
NARANJODL,"2025-09-08 12:50:55.000",102,250901-0024,30,NULL,124,"2025-09-01 00:00:00.000",NULL,0,NULL,0,Regular,0,1,NULL,NULL,NULL,"",0,0.0,0.0,0.0,0,NULL,NULL,NULL,NULL,NULL,NULL,NULL,NULL,NULL,NULL,NULL,0.0,0.0,0.0,0.0,0.0,NULL,NULL,NULL,NULL,0.0,NULL,NULL,NULL,NULL,NULL,NULL,NULL,0,NULL,NULL,-1,NULL,NULL
NARANJODL,"2025-09-08 12:50:56.000",103,251201-0020,30,NULL,124,"2025-12-01 00:00:00.000",NULL,0,NULL,0,Regular,0,1,NULL,NULL,NULL,"",0,0.0,0.0,0.0,0,NULL,NULL,NULL,NULL,NULL,NULL,NULL,NULL,NULL,NULL,NULL,0.0,0.0,0.0,0.0,0.0,NULL,NULL,NULL,NULL,0.0,NULL,NULL,NULL,NULL,NULL,NULL,NULL,0,NULL,NULL,-1,NULL,NULL
NARANJODL,"2025-09-08 12:50:56.000",104,260302-0025,30,NULL,124,"2026-03-02 00:00:00.000",NULL,0,NULL,0,Regular,0,1,NULL,NULL,NULL,"",0,0.0,0.0,0.0,0,NULL,NULL,NULL,NULL,NULL,NULL,NULL,NULL,NULL,NULL,NULL,0.0,0.0,0.0,0.0,0.0,NULL,NULL,NULL,NULL,0.0,NULL,NULL,NULL,NULL,NULL,NULL,NULL,0,NULL,NULL,-1,NULL,NULL
NARANJODL,"2025-09-08 12:50:56.000",105,260601-0020,30,NULL,124,"2026-06-01 00:00:00.000",NULL,0,NULL,0,Regular,0,1,NULL,NULL,NULL,"",0,0.0,0.0,0.0,0,NULL,NULL,NULL,NULL,NULL,NULL,NULL,NULL,NULL,NULL,NULL,0.0,0.0,0.0,0.0,0.0,NULL,NULL,NULL,NULL,0.0,NULL,NULL,NULL,NULL,NULL,NULL,NULL,0,NULL,NULL,-1,NULL,NULL
NARANJODL,"2025-09-08 12:55:17.000",106,250901-0025,31,NULL,205,"2025-09-01 00:00:00.000",NULL,0,NULL,0,Regular,0,1,NULL,NULL,NULL,"",0,0.0,0.0,0.0,0,NULL,NULL,NULL,NULL,NULL,NULL,NULL,NULL,NULL,NULL,NULL,0.0,0.0,0.0,0.0,0.0,NULL,NULL,NULL,NULL,0.0,NULL,NULL,NULL,NULL,NULL,NULL,NULL,0,NULL,NULL,-1,NULL,NULL
NARANJODL,"2025-09-08 12:55:18.000",107,251201-0021,31,NULL,205,"2025-12-01 00:00:00.000",NULL,0,NULL,0,Regular,0,1,NULL,NULL,NULL,"",0,0.0,0.0,0.0,0,NULL,NULL,NULL,NULL,NULL,NULL,NULL,NULL,NULL,NULL,NULL,0.0,0.0,0.0,0.0,0.0,NULL,NULL,NULL,NULL,0.0,NULL,NULL,NULL,NULL,NULL,NULL,NULL,0,NULL,NULL,-1,NULL,NULL
NARANJODL,"2025-09-08 12:55:18.000",108,260302-0026,31,NULL,205,"2026-03-02 00:00:00.000",NULL,0,NULL,0,Regular,0,1,NULL,NULL,NULL,"",0,0.0,0.0,0.0,0,NULL,NULL,NULL,NULL,NULL,NULL,NULL,NULL,NULL,NULL,NULL,0.0,0.0,0.0,0.0,0.0,NULL,NULL,NULL,NULL,0.0,NULL,NULL,NULL,NULL,NULL,NULL,NULL,0,NULL,NULL,-1,NULL,NULL
NARANJODL,"2025-09-08 12:55:18.000",109,260601-0021,31,NULL,205,"2026-06-01 00:00:00.000",NULL,0,NULL,0,Regular,0,1,NULL,NULL,NULL,"",0,0.0,0.0,0.0,0,NULL,NULL,NULL,NULL,NULL,NULL,NULL,NULL,NULL,NULL,NULL,0.0,0.0,0.0,0.0,0.0,NULL,NULL,NULL,NULL,0.0,NULL,NULL,NULL,NULL,NULL,NULL,NULL,0,NULL,NULL,-1,NULL,NULL
NARANJODL,"2025-09-08 12:55:19.000",110,251006-0005,31,NULL,205,"2025-10-06 00:00:00.000",NULL,0,NULL,0,Regular,0,1,NULL,NULL,NULL,"",0,0.0,0.0,0.0,0,NULL,NULL,NULL,NULL,NULL,NULL,NULL,NULL,NULL,NULL,NULL,0.0,0.0,0.0,0.0,0.0,NULL,NULL,NULL,NULL,0.0,NULL,NULL,NULL,NULL,NULL,NULL,NULL,0,NULL,NULL,-1,NULL,NULL
NARANJODL,"2025-09-08 12:55:19.000",111,260105-0005,31,NULL,205,"2026-01-05 00:00:00.000",NULL,0,NULL,0,Regular,0,1,NULL,NULL,NULL,"",0,0.0,0.0,0.0,0,NULL,NULL,NULL,NULL,NULL,NULL,NULL,NULL,NULL,NULL,NULL,0.0,0.0,0.0,0.0,0.0,NULL,NULL,NULL,NULL,0.0,NULL,NULL,NULL,NULL,NULL,NULL,NULL,0,NULL,NULL,-1,NULL,NULL
NARANJODL,"2025-09-08 12:55:19.000",112,260406-0005,31,NULL,205,"2026-04-06 00:00:00.000",NULL,0,NULL,0,Regular,0,1,NULL,NULL,NULL,"",0,0.0,0.0,0.0,0,NULL,NULL,NULL,NULL,NULL,NULL,NULL,NULL,NULL,NULL,NULL,0.0,0.0,0.0,0.0,0.0,NULL,NULL,NULL,NULL,0.0,NULL,NULL,NULL,NULL,NULL,NULL,NULL,0,NULL,NULL,-1,NULL,NULL
NARANJODL,"2025-09-08 12:55:19.000",113,260706-0005,31,NULL,205,"2026-07-06 00:00:00.000",NULL,0,NULL,0,Regular,0,1,NULL,NULL,NULL,"",0,0.0,0.0,0.0,0,NULL,NULL,NULL,NULL,NULL,NULL,NULL,NULL,NULL,NULL,NULL,0.0,0.0,0.0,0.0,0.0,NULL,NULL,NULL,NULL,0.0,NULL,NULL,NULL,NULL,NULL,NULL,NULL,0,NULL,NULL,-1,NULL,NULL
NARANJODL,"2025-09-08 12:58:07.000",114,250901-0026,32,NULL,126,"2025-09-01 00:00:00.000",NULL,0,NULL,0,Regular,0,1,NULL,NULL,NULL,"",0,0.0,0.0,0.0,0,NULL,NULL,NULL,NULL,NULL,NULL,NULL,NULL,NULL,NULL,NULL,0.0,0.0,0.0,0.0,0.0,NULL,NULL,NULL,NULL,0.0,NULL,NULL,NULL,NULL,NULL,NULL,NULL,0,NULL,NULL,-1,NULL,NULL
NARANJODL,"2025-09-08 12:58:08.000",115,251201-0022,32,NULL,126,"2025-12-01 00:00:00.000",NULL,0,NULL,0,Regular,0,1,NULL,NULL,NULL,"",0,0.0,0.0,0.0,0,NULL,NULL,NULL,NULL,NULL,NULL,NULL,NULL,NULL,NULL,NULL,0.0,0.0,0.0,0.0,0.0,NULL,NULL,NULL,NULL,0.0,NULL,NULL,NULL,NULL,NULL,NULL,NULL,0,NULL,NULL,-1,NULL,NULL
NARANJODL,"2025-09-08 12:58:08.000",116,260302-0027,32,NULL,126,"2026-03-02 00:00:00.000",NULL,0,NULL,0,Regular,0,1,NULL,NULL,NULL,"",0,0.0,0.0,0.0,0,NULL,NULL,NULL,NULL,NULL,NULL,NULL,NULL,NULL,NULL,NULL,0.0,0.0,0.0,0.0,0.0,NULL,NULL,NULL,NULL,0.0,NULL,NULL,NULL,NULL,NULL,NULL,NULL,0,NULL,NULL,-1,NULL,NULL
NARANJODL,"2025-09-08 12:58:08.000",117,260601-0022,32,NULL,126,"2026-06-01 00:00:00.000",NULL,0,NULL,0,Regular,0,1,NULL,NULL,NULL,"",0,0.0,0.0,0.0,0,NULL,NULL,NULL,NULL,NULL,NULL,NULL,NULL,NULL,NULL,NULL,0.0,0.0,0.0,0.0,0.0,NULL,NULL,NULL,NULL,0.0,NULL,NULL,NULL,NULL,NULL,NULL,NULL,0,NULL,NULL,-1,NULL,NULL
NARANJODL,"2025-09-08 13:00:40.000",118,250901-0027,33,NULL,127,"2025-09-01 00:00:00.000",NULL,0,NULL,0,Regular,0,1,NULL,NULL,NULL,"",0,0.0,0.0,0.0,0,NULL,NULL,NULL,NULL,NULL,NULL,NULL,NULL,NULL,NULL,NULL,0.0,0.0,0.0,0.0,0.0,NULL,NULL,NULL,NULL,0.0,NULL,NULL,NULL,NULL,NULL,NULL,NULL,0,NULL,NULL,-1,NULL,NULL
NARANJODL,"2025-09-08 13:00:40.000",119,251201-0023,33,NULL,127,"2025-12-01 00:00:00.000",NULL,0,NULL,0,Regular,0,1,NULL,NULL,NULL,"",0,0.0,0.0,0.0,0,NULL,NULL,NULL,NULL,NULL,NULL,NULL,NULL,NULL,NULL,NULL,0.0,0.0,0.0,0.0,0.0,NULL,NULL,NULL,NULL,0.0,NULL,NULL,NULL,NULL,NULL,NULL,NULL,0,NULL,NULL,-1,NULL,NULL
NARANJODL,"2025-09-08 13:00:41.000",120,260302-0028,33,NULL,127,"2026-03-02 00:00:00.000",NULL,0,NULL,0,Regular,0,1,NULL,NULL,NULL,"",0,0.0,0.0,0.0,0,NULL,NULL,NULL,NULL,NULL,NULL,NULL,NULL,NULL,NULL,NULL,0.0,0.0,0.0,0.0,0.0,NULL,NULL,NULL,NULL,0.0,NULL,NULL,NULL,NULL,NULL,NULL,NULL,0,NULL,NULL,-1,NULL,NULL
NARANJODL,"2025-09-08 13:00:41.000",121,260601-0023,33,NULL,127,"2026-06-01 00:00:00.000",NULL,0,NULL,0,Regular,0,1,NULL,NULL,NULL,"",0,0.0,0.0,0.0,0,NULL,NULL,NULL,NULL,NULL,NULL,NULL,NULL,NULL,NULL,NULL,0.0,0.0,0.0,0.0,0.0,NULL,NULL,NULL,NULL,0.0,NULL,NULL,NULL,NULL,NULL,NULL,NULL,0,NULL,NULL,-1,NULL,NULL
NARANJODL,"2025-09-08 13:03:51.000",122,250901-0028,34,NULL,127,"2025-09-01 00:00:00.000",NULL,0,NULL,0,Regular,0,1,NULL,NULL,NULL,"",0,0.0,0.0,0.0,0,NULL,NULL,NULL,NULL,NULL,NULL,NULL,NULL,NULL,NULL,NULL,0.0,0.0,0.0,0.0,0.0,NULL,NULL,NULL,NULL,0.0,NULL,NULL,NULL,NULL,NULL,NULL,NULL,0,NULL,NULL,-1,NULL,NULL
NARANJODL,"2025-09-08 13:03:51.000",123,260302-0029,34,NULL,127,"2026-03-02 00:00:00.000",NULL,0,NULL,0,Regular,0,1,NULL,NULL,NULL,"",0,0.0,0.0,0.0,0,NULL,NULL,NULL,NULL,NULL,NULL,NULL,NULL,NULL,NULL,NULL,0.0,0.0,0.0,0.0,0.0,NULL,NULL,NULL,NULL,0.0,NULL,NULL,NULL,NULL,NULL,NULL,NULL,0,NULL,NULL,-1,NULL,NULL
NARANJODL,"2025-09-08 13:06:00.000",124,250901-0029,35,NULL,128,"2025-09-01 00:00:00.000",NULL,0,NULL,0,Regular,0,1,NULL,NULL,NULL,"",0,0.0,0.0,0.0,0,NULL,NULL,NULL,NULL,NULL,NULL,NULL,NULL,NULL,NULL,NULL,0.0,0.0,0.0,0.0,0.0,NULL,NULL,NULL,NULL,0.0,NULL,NULL,NULL,NULL,NULL,NULL,NULL,0,NULL,NULL,-1,NULL,NULL
NARANJODL,"2025-09-08 13:06:00.000",125,251201-0024,35,NULL,128,"2025-12-01 00:00:00.000",NULL,0,NULL,0,Regular,0,1,NULL,NULL,NULL,"",0,0.0,0.0,0.0,0,NULL,NULL,NULL,NULL,NULL,NULL,NULL,NULL,NULL,NULL,NULL,0.0,0.0,0.0,0.0,0.0,NULL,NULL,NULL,NULL,0.0,NULL,NULL,NULL,NULL,NULL,NULL,NULL,0,NULL,NULL,-1,NULL,NULL
NARANJODL,"2025-09-08 13:06:00.000",126,260302-0030,35,NULL,128,"2026-03-02 00:00:00.000",NULL,0,NULL,0,Regular,0,1,NULL,NULL,NULL,"",0,0.0,0.0,0.0,0,NULL,NULL,NULL,NULL,NULL,NULL,NULL,NULL,NULL,NULL,NULL,0.0,0.0,0.0,0.0,0.0,NULL,NULL,NULL,NULL,0.0,NULL,NULL,NULL,NULL,NULL,NULL,NULL,0,NULL,NULL,-1,NULL,NULL
NARANJODL,"2025-09-08 13:06:00.000",127,260601-0024,35,NULL,128,"2026-06-01 00:00:00.000",NULL,0,NULL,0,Regular,0,1,NULL,NULL,NULL,"",0,0.0,0.0,0.0,0,NULL,NULL,NULL,NULL,NULL,NULL,NULL,NULL,NULL,NULL,NULL,0.0,0.0,0.0,0.0,0.0,NULL,NULL,NULL,NULL,0.0,NULL,NULL,NULL,NULL,NULL,NULL,NULL,0,NULL,NULL,-1,NULL,NULL
NARANJODL,"2025-09-08 13:08:38.000",128,250901-0030,36,NULL,129,"2025-09-01 00:00:00.000",NULL,0,NULL,0,Regular,0,1,NULL,NULL,NULL,"",0,0.0,0.0,0.0,0,NULL,NULL,NULL,NULL,NULL,NULL,NULL,NULL,NULL,NULL,NULL,0.0,0.0,0.0,0.0,0.0,NULL,NULL,NULL,NULL,0.0,NULL,NULL,NULL,NULL,NULL,NULL,NULL,0,NULL,NULL,-1,NULL,NULL
NARANJODL,"2025-09-08 13:08:38.000",129,251201-0025,36,NULL,129,"2025-12-01 00:00:00.000",NULL,0,NULL,0,Regular,0,1,NULL,NULL,NULL,"",0,0.0,0.0,0.0,0,NULL,NULL,NULL,NULL,NULL,NULL,NULL,NULL,NULL,NULL,NULL,0.0,0.0,0.0,0.0,0.0,NULL,NULL,NULL,NULL,0.0,NULL,NULL,NULL,NULL,NULL,NULL,NULL,0,NULL,NULL,-1,NULL,NULL
NARANJODL,"2025-09-08 13:08:38.000",130,260302-0031,36,NULL,129,"2026-03-02 00:00:00.000",NULL,0,NULL,0,Regular,0,1,NULL,NULL,NULL,"",0,0.0,0.0,0.0,0,NULL,NULL,NULL,NULL,NULL,NULL,NULL,NULL,NULL,NULL,NULL,0.0,0.0,0.0,0.0,0.0,NULL,NULL,NULL,NULL,0.0,NULL,NULL,NULL,NULL,NULL,NULL,NULL,0,NULL,NULL,-1,NULL,NULL
NARANJODL,"2025-09-08 13:08:38.000",131,260601-0025,36,NULL,129,"2026-06-01 00:00:00.000",NULL,0,NULL,0,Regular,0,1,NULL,NULL,NULL,"",0,0.0,0.0,0.0,0,NULL,NULL,NULL,NULL,NULL,NULL,NULL,NULL,NULL,NULL,NULL,0.0,0.0,0.0,0.0,0.0,NULL,NULL,NULL,NULL,0.0,NULL,NULL,NULL,NULL,NULL,NULL,NULL,0,NULL,NULL,-1,NULL,NULL
NARANJODL,"2025-09-08 13:10:48.000",132,250901-0031,37,NULL,130,"2025-09-01 00:00:00.000",NULL,0,NULL,0,Regular,0,1,NULL,NULL,NULL,"",0,0.0,0.0,0.0,0,NULL,NULL,NULL,NULL,NULL,NULL,NULL,NULL,NULL,NULL,NULL,0.0,0.0,0.0,0.0,0.0,NULL,NULL,NULL,NULL,0.0,NULL,NULL,NULL,NULL,NULL,NULL,NULL,0,NULL,NULL,-1,NULL,NULL
NARANJODL,"2025-09-08 13:10:49.000",133,251201-0026,37,NULL,130,"2025-12-01 00:00:00.000",NULL,0,NULL,0,Regular,0,1,NULL,NULL,NULL,"",0,0.0,0.0,0.0,0,NULL,NULL,NULL,NULL,NULL,NULL,NULL,NULL,NULL,NULL,NULL,0.0,0.0,0.0,0.0,0.0,NULL,NULL,NULL,NULL,0.0,NULL,NULL,NULL,NULL,NULL,NULL,NULL,0,NULL,NULL,-1,NULL,NULL
NARANJODL,"2025-09-08 13:10:49.000",134,260302-0032,37,NULL,130,"2026-03-02 00:00:00.000",NULL,0,NULL,0,Regular,0,1,NULL,NULL,NULL,"",0,0.0,0.0,0.0,0,NULL,NULL,NULL,NULL,NULL,NULL,NULL,NULL,NULL,NULL,NULL,0.0,0.0,0.0,0.0,0.0,NULL,NULL,NULL,NULL,0.0,NULL,NULL,NULL,NULL,NULL,NULL,NULL,0,NULL,NULL,-1,NULL,NULL
NARANJODL,"2025-09-08 13:10:49.000",135,260601-0026,37,NULL,130,"2026-06-01 00:00:00.000",NULL,0,NULL,0,Regular,0,1,NULL,NULL,NULL,"",0,0.0,0.0,0.0,0,NULL,NULL,NULL,NULL,NULL,NULL,NULL,NULL,NULL,NULL,NULL,0.0,0.0,0.0,0.0,0.0,NULL,NULL,NULL,NULL,0.0,NULL,NULL,NULL,NULL,NULL,NULL,NULL,0,NULL,NULL,-1,NULL,NULL
NARANJODL,"2025-09-08 13:13:27.000",136,250901-0032,38,NULL,131,"2025-09-01 00:00:00.000",NULL,0,NULL,0,Regular,0,1,NULL,NULL,NULL,"",0,0.0,0.0,0.0,0,NULL,NULL,NULL,NULL,NULL,NULL,NULL,NULL,NULL,NULL,NULL,0.0,0.0,0.0,0.0,0.0,NULL,NULL,NULL,NULL,0.0,NULL,NULL,NULL,NULL,NULL,NULL,NULL,0,NULL,NULL,-1,NULL,NULL
NARANJODL,"2025-09-08 13:13:27.000",137,251201-0027,38,NULL,131,"2025-12-01 00:00:00.000",NULL,0,NULL,0,Regular,0,1,NULL,NULL,NULL,"",0,0.0,0.0,0.0,0,NULL,NULL,NULL,NULL,NULL,NULL,NULL,NULL,NULL,NULL,NULL,0.0,0.0,0.0,0.0,0.0,NULL,NULL,NULL,NULL,0.0,NULL,NULL,NULL,NULL,NULL,NULL,NULL,0,NULL,NULL,-1,NULL,NULL
NARANJODL,"2025-09-08 13:13:28.000",138,260302-0033,38,NULL,131,"2026-03-02 00:00:00.000",NULL,0,NULL,0,Regular,0,1,NULL,NULL,NULL,"",0,0.0,0.0,0.0,0,NULL,NULL,NULL,NULL,NULL,NULL,NULL,NULL,NULL,NULL,NULL,0.0,0.0,0.0,0.0,0.0,NULL,NULL,NULL,NULL,0.0,NULL,NULL,NULL,NULL,NULL,NULL,NULL,0,NULL,NULL,-1,NULL,NULL
NARANJODL,"2025-09-08 13:13:28.000",139,260601-0027,38,NULL,131,"2026-06-01 00:00:00.000",NULL,0,NULL,0,Regular,0,1,NULL,NULL,NULL,"",0,0.0,0.0,0.0,0,NULL,NULL,NULL,NULL,NULL,NULL,NULL,NULL,NULL,NULL,NULL,0.0,0.0,0.0,0.0,0.0,NULL,NULL,NULL,NULL,0.0,NULL,NULL,NULL,NULL,NULL,NULL,NULL,0,NULL,NULL,-1,NULL,NULL
NARANJODL,"2025-09-08 13:15:45.000",140,250901-0033,39,NULL,132,"2025-09-01 00:00:00.000",NULL,0,NULL,0,Regular,0,1,NULL,NULL,NULL,"",0,0.0,0.0,0.0,0,NULL,NULL,NULL,NULL,NULL,NULL,NULL,NULL,NULL,NULL,NULL,0.0,0.0,0.0,0.0,0.0,NULL,NULL,NULL,NULL,0.0,NULL,NULL,NULL,NULL,NULL,NULL,NULL,0,NULL,NULL,-1,NULL,NULL
NARANJODL,"2025-09-08 13:15:45.000",141,251201-0028,39,NULL,132,"2025-12-01 00:00:00.000",NULL,0,NULL,0,Regular,0,1,NULL,NULL,NULL,"",0,0.0,0.0,0.0,0,NULL,NULL,NULL,NULL,NULL,NULL,NULL,NULL,NULL,NULL,NULL,0.0,0.0,0.0,0.0,0.0,NULL,NULL,NULL,NULL,0.0,NULL,NULL,NULL,NULL,NULL,NULL,NULL,0,NULL,NULL,-1,NULL,NULL
NARANJODL,"2025-09-08 13:15:45.000",142,260302-0034,39,NULL,132,"2026-03-02 00:00:00.000",NULL,0,NULL,0,Regular,0,1,NULL,NULL,NULL,"",0,0.0,0.0,0.0,0,NULL,NULL,NULL,NULL,NULL,NULL,NULL,NULL,NULL,NULL,NULL,0.0,0.0,0.0,0.0,0.0,NULL,NULL,NULL,NULL,0.0,NULL,NULL,NULL,NULL,NULL,NULL,NULL,0,NULL,NULL,-1,NULL,NULL
NARANJODL,"2025-09-08 13:15:45.000",143,260601-0028,39,NULL,132,"2026-06-01 00:00:00.000",NULL,0,NULL,0,Regular,0,1,NULL,NULL,NULL,"",0,0.0,0.0,0.0,0,NULL,NULL,NULL,NULL,NULL,NULL,NULL,NULL,NULL,NULL,NULL,0.0,0.0,0.0,0.0,0.0,NULL,NULL,NULL,NULL,0.0,NULL,NULL,NULL,NULL,NULL,NULL,NULL,0,NULL,NULL,-1,NULL,NULL
NARANJODL,"2025-09-08 13:18:40.000",144,250901-0034,40,NULL,133,"2025-09-01 00:00:00.000",NULL,0,NULL,0,Regular,0,1,NULL,NULL,NULL,"",0,0.0,0.0,0.0,0,NULL,NULL,NULL,NULL,NULL,NULL,NULL,NULL,NULL,NULL,NULL,0.0,0.0,0.0,0.0,0.0,NULL,NULL,NULL,NULL,0.0,NULL,NULL,NULL,NULL,NULL,NULL,NULL,0,NULL,NULL,-1,NULL,NULL
NARANJODL,"2025-09-08 13:18:40.000",145,251201-0029,40,NULL,133,"2025-12-01 00:00:00.000",NULL,0,NULL,0,Regular,0,1,NULL,NULL,NULL,"",0,0.0,0.0,0.0,0,NULL,NULL,NULL,NULL,NULL,NULL,NULL,NULL,NULL,NULL,NULL,0.0,0.0,0.0,0.0,0.0,NULL,NULL,NULL,NULL,0.0,NULL,NULL,NULL,NULL,NULL,NULL,NULL,0,NULL,NULL,-1,NULL,NULL
NARANJODL,"2025-09-08 13:18:40.000",146,260302-0035,40,NULL,133,"2026-03-02 00:00:00.000",NULL,0,NULL,0,Regular,0,1,NULL,NULL,NULL,"",0,0.0,0.0,0.0,0,NULL,NULL,NULL,NULL,NULL,NULL,NULL,NULL,NULL,NULL,NULL,0.0,0.0,0.0,0.0,0.0,NULL,NULL,NULL,NULL,0.0,NULL,NULL,NULL,NULL,NULL,NULL,NULL,0,NULL,NULL,-1,NULL,NULL
NARANJODL,"2025-09-08 13:18:40.000",147,260601-0029,40,NULL,133,"2026-06-01 00:00:00.000",NULL,0,NULL,0,Regular,0,1,NULL,NULL,NULL,"",0,0.0,0.0,0.0,0,NULL,NULL,NULL,NULL,NULL,NULL,NULL,NULL,NULL,NULL,NULL,0.0,0.0,0.0,0.0,0.0,NULL,NULL,NULL,NULL,0.0,NULL,NULL,NULL,NULL,NULL,NULL,NULL,0,NULL,NULL,-1,NULL,NULL
NARANJODL,"2025-09-08 13:19:42.000",148,250901-0035,41,NULL,134,"2025-09-01 00:00:00.000",NULL,0,NULL,0,Regular,0,1,NULL,NULL,NULL,"",0,0.0,0.0,0.0,0,NULL,NULL,NULL,NULL,NULL,NULL,NULL,NULL,NULL,NULL,NULL,0.0,0.0,0.0,0.0,0.0,NULL,NULL,NULL,NULL,0.0,NULL,NULL,NULL,NULL,NULL,NULL,NULL,0,NULL,NULL,-1,NULL,NULL
NARANJODL,"2025-09-08 13:19:42.000",149,251201-0030,41,NULL,134,"2025-12-01 00:00:00.000",NULL,0,NULL,0,Regular,0,1,NULL,NULL,NULL,"",0,0.0,0.0,0.0,0,NULL,NULL,NULL,NULL,NULL,NULL,NULL,NULL,NULL,NULL,NULL,0.0,0.0,0.0,0.0,0.0,NULL,NULL,NULL,NULL,0.0,NULL,NULL,NULL,NULL,NULL,NULL,NULL,0,NULL,NULL,-1,NULL,NULL
NARANJODL,"2025-09-08 13:19:42.000",150,260302-0036,41,NULL,134,"2026-03-02 00:00:00.000",NULL,0,NULL,0,Regular,0,1,NULL,NULL,NULL,"",0,0.0,0.0,0.0,0,NULL,NULL,NULL,NULL,NULL,NULL,NULL,NULL,NULL,NULL,NULL,0.0,0.0,0.0,0.0,0.0,NULL,NULL,NULL,NULL,0.0,NULL,NULL,NULL,NULL,NULL,NULL,NULL,0,NULL,NULL,-1,NULL,NULL
NARANJODL,"2025-09-08 13:19:42.000",151,260601-0030,41,NULL,134,"2026-06-01 00:00:00.000",NULL,0,NULL,0,Regular,0,1,NULL,NULL,NULL,"",0,0.0,0.0,0.0,0,NULL,NULL,NULL,NULL,NULL,NULL,NULL,NULL,NULL,NULL,NULL,0.0,0.0,0.0,0.0,0.0,NULL,NULL,NULL,NULL,0.0,NULL,NULL,NULL,NULL,NULL,NULL,NULL,0,NULL,NULL,-1,NULL,NULL
NARANJODL,"2025-09-08 13:22:00.000",152,251006-0006,41,NULL,134,"2025-10-06 00:00:00.000",NULL,0,NULL,0,Regular,0,1,NULL,NULL,NULL,"",0,0.0,0.0,0.0,0,NULL,NULL,NULL,NULL,NULL,NULL,NULL,NULL,NULL,NULL,NULL,0.0,0.0,0.0,0.0,0.0,NULL,NULL,NULL,NULL,0.0,NULL,NULL,NULL,NULL,NULL,NULL,NULL,0,NULL,NULL,-1,NULL,NULL
NARANJODL,"2025-09-08 13:22:00.000",153,260105-0006,41,NULL,134,"2026-01-05 00:00:00.000",NULL,0,NULL,0,Regular,0,1,NULL,NULL,NULL,"",0,0.0,0.0,0.0,0,NULL,NULL,NULL,NULL,NULL,NULL,NULL,NULL,NULL,NULL,NULL,0.0,0.0,0.0,0.0,0.0,NULL,NULL,NULL,NULL,0.0,NULL,NULL,NULL,NULL,NULL,NULL,NULL,0,NULL,NULL,-1,NULL,NULL
NARANJODL,"2025-09-08 13:22:00.000",154,260406-0006,41,NULL,134,"2026-04-06 00:00:00.000",NULL,0,NULL,0,Regular,0,1,NULL,NULL,NULL,"",0,0.0,0.0,0.0,0,NULL,NULL,NULL,NULL,NULL,NULL,NULL,NULL,NULL,NULL,NULL,0.0,0.0,0.0,0.0,0.0,NULL,NULL,NULL,NULL,0.0,NULL,NULL,NULL,NULL,NULL,NULL,NULL,0,NULL,NULL,-1,NULL,NULL
NARANJODL,"2025-09-08 13:22:00.000",155,260706-0006,41,NULL,134,"2026-07-06 00:00:00.000",NULL,0,NULL,0,Regular,0,1,NULL,NULL,NULL,"",0,0.0,0.0,0.0,0,NULL,NULL,NULL,NULL,NULL,NULL,NULL,NULL,NULL,NULL,NULL,0.0,0.0,0.0,0.0,0.0,NULL,NULL,NULL,NULL,0.0,NULL,NULL,NULL,NULL,NULL,NULL,NULL,0,NULL,NULL,-1,NULL,NULL
NARANJODL,"2025-09-08 13:22:41.000",156,250901-0036,42,NULL,135,"2025-09-01 00:00:00.000",NULL,0,NULL,0,Regular,0,1,NULL,NULL,NULL,"",0,0.0,0.0,0.0,0,NULL,NULL,NULL,NULL,NULL,NULL,NULL,NULL,NULL,NULL,NULL,0.0,0.0,0.0,0.0,0.0,NULL,NULL,NULL,NULL,0.0,NULL,NULL,NULL,NULL,NULL,NULL,NULL,0,NULL,NULL,-1,NULL,NULL
NARANJODL,"2025-09-08 13:22:41.000",157,251201-0031,42,NULL,135,"2025-12-01 00:00:00.000",NULL,0,NULL,0,Regular,0,1,NULL,NULL,NULL,"",0,0.0,0.0,0.0,0,NULL,NULL,NULL,NULL,NULL,NULL,NULL,NULL,NULL,NULL,NULL,0.0,0.0,0.0,0.0,0.0,NULL,NULL,NULL,NULL,0.0,NULL,NULL,NULL,NULL,NULL,NULL,NULL,0,NULL,NULL,-1,NULL,NULL
NARANJODL,"2025-09-08 13:22:41.000",158,260302-0037,42,NULL,135,"2026-03-02 00:00:00.000",NULL,0,NULL,0,Regular,0,1,NULL,NULL,NULL,"",0,0.0,0.0,0.0,0,NULL,NULL,NULL,NULL,NULL,NULL,NULL,NULL,NULL,NULL,NULL,0.0,0.0,0.0,0.0,0.0,NULL,NULL,NULL,NULL,0.0,NULL,NULL,NULL,NULL,NULL,NULL,NULL,0,NULL,NULL,-1,NULL,NULL
NARANJODL,"2025-09-08 13:22:41.000",159,260601-0031,42,NULL,135,"2026-06-01 00:00:00.000",NULL,0,NULL,0,Regular,0,1,NULL,NULL,NULL,"",0,0.0,0.0,0.0,0,NULL,NULL,NULL,NULL,NULL,NULL,NULL,NULL,NULL,NULL,NULL,0.0,0.0,0.0,0.0,0.0,NULL,NULL,NULL,NULL,0.0,NULL,NULL,NULL,NULL,NULL,NULL,NULL,0,NULL,NULL,-1,NULL,NULL
NARANJODL,"2025-09-08 13:26:01.000",160,250901-0037,43,NULL,136,"2025-09-01 00:00:00.000",NULL,0,NULL,0,Regular,0,1,NULL,NULL,NULL,"",0,0.0,0.0,0.0,0,NULL,NULL,NULL,NULL,NULL,NULL,NULL,NULL,NULL,NULL,NULL,0.0,0.0,0.0,0.0,0.0,NULL,NULL,NULL,NULL,0.0,NULL,NULL,NULL,NULL,NULL,NULL,NULL,0,NULL,NULL,-1,NULL,NULL
NARANJODL,"2025-09-08 13:26:01.000",161,251201-0032,43,NULL,136,"2025-12-01 00:00:00.000",NULL,0,NULL,0,Regular,0,1,NULL,NULL,NULL,"",0,0.0,0.0,0.0,0,NULL,NULL,NULL,NULL,NULL,NULL,NULL,NULL,NULL,NULL,NULL,0.0,0.0,0.0,0.0,0.0,NULL,NULL,NULL,NULL,0.0,NULL,NULL,NULL,NULL,NULL,NULL,NULL,0,NULL,NULL,-1,NULL,NULL
NARANJODL,"2025-09-08 13:26:01.000",162,260302-0038,43,NULL,136,"2026-03-02 00:00:00.000",NULL,0,NULL,0,Regular,0,1,NULL,NULL,NULL,"",0,0.0,0.0,0.0,0,NULL,NULL,NULL,NULL,NULL,NULL,NULL,NULL,NULL,NULL,NULL,0.0,0.0,0.0,0.0,0.0,NULL,NULL,NULL,NULL,0.0,NULL,NULL,NULL,NULL,NULL,NULL,NULL,0,NULL,NULL,-1,NULL,NULL
NARANJODL,"2025-09-08 13:26:01.000",163,260601-0032,43,NULL,136,"2026-06-01 00:00:00.000",NULL,0,NULL,0,Regular,0,1,NULL,NULL,NULL,"",0,0.0,0.0,0.0,0,NULL,NULL,NULL,NULL,NULL,NULL,NULL,NULL,NULL,NULL,NULL,0.0,0.0,0.0,0.0,0.0,NULL,NULL,NULL,NULL,0.0,NULL,NULL,NULL,NULL,NULL,NULL,NULL,0,NULL,NULL,-1,NULL,NULL
NARANJODL,"2025-09-08 13:29:58.000",164,250901-0038,44,NULL,137,"2025-09-01 00:00:00.000",NULL,0,NULL,0,Regular,0,1,NULL,NULL,NULL,"",0,0.0,0.0,0.0,0,NULL,NULL,NULL,NULL,NULL,NULL,NULL,NULL,NULL,NULL,NULL,0.0,0.0,0.0,0.0,0.0,NULL,NULL,NULL,NULL,0.0,NULL,NULL,NULL,NULL,NULL,NULL,NULL,0,NULL,NULL,-1,NULL,NULL
NARANJODL,"2025-09-08 13:29:58.000",165,251201-0033,44,NULL,137,"2025-12-01 00:00:00.000",NULL,0,NULL,0,Regular,0,1,NULL,NULL,NULL,"",0,0.0,0.0,0.0,0,NULL,NULL,NULL,NULL,NULL,NULL,NULL,NULL,NULL,NULL,NULL,0.0,0.0,0.0,0.0,0.0,NULL,NULL,NULL,NULL,0.0,NULL,NULL,NULL,NULL,NULL,NULL,NULL,0,NULL,NULL,-1,NULL,NULL
NARANJODL,"2025-09-08 13:29:58.000",166,260302-0039,44,NULL,137,"2026-03-02 00:00:00.000",NULL,0,NULL,0,Regular,0,1,NULL,NULL,NULL,"",0,0.0,0.0,0.0,0,NULL,NULL,NULL,NULL,NULL,NULL,NULL,NULL,NULL,NULL,NULL,0.0,0.0,0.0,0.0,0.0,NULL,NULL,NULL,NULL,0.0,NULL,NULL,NULL,NULL,NULL,NULL,NULL,0,NULL,NULL,-1,NULL,NULL
NARANJODL,"2025-09-08 13:29:58.000",167,260601-0033,44,NULL,137,"2026-06-01 00:00:00.000",NULL,0,NULL,0,Regular,0,1,NULL,NULL,NULL,"",0,0.0,0.0,0.0,0,NULL,NULL,NULL,NULL,NULL,NULL,NULL,NULL,NULL,NULL,NULL,0.0,0.0,0.0,0.0,0.0,NULL,NULL,NULL,NULL,0.0,NULL,NULL,NULL,NULL,NULL,NULL,NULL,0,NULL,NULL,-1,NULL,NULL
NARANJODL,"2025-09-08 13:33:14.000",168,250901-0039,45,NULL,138,"2025-09-01 00:00:00.000",NULL,0,NULL,0,Regular,0,1,NULL,NULL,NULL,"",0,0.0,0.0,0.0,0,NULL,NULL,NULL,NULL,NULL,NULL,NULL,NULL,NULL,NULL,NULL,0.0,0.0,0.0,0.0,0.0,NULL,NULL,NULL,NULL,0.0,NULL,NULL,NULL,NULL,NULL,NULL,NULL,0,NULL,NULL,-1,NULL,NULL
NARANJODL,"2025-09-08 13:33:14.000",169,251201-0034,45,NULL,138,"2025-12-01 00:00:00.000",NULL,0,NULL,0,Regular,0,1,NULL,NULL,NULL,"",0,0.0,0.0,0.0,0,NULL,NULL,NULL,NULL,NULL,NULL,NULL,NULL,NULL,NULL,NULL,0.0,0.0,0.0,0.0,0.0,NULL,NULL,NULL,NULL,0.0,NULL,NULL,NULL,NULL,NULL,NULL,NULL,0,NULL,NULL,-1,NULL,NULL
NARANJODL,"2025-09-08 13:33:15.000",170,260302-0040,45,NULL,138,"2026-03-02 00:00:00.000",NULL,0,NULL,0,Regular,0,1,NULL,NULL,NULL,"",0,0.0,0.0,0.0,0,NULL,NULL,NULL,NULL,NULL,NULL,NULL,NULL,NULL,NULL,NULL,0.0,0.0,0.0,0.0,0.0,NULL,NULL,NULL,NULL,0.0,NULL,NULL,NULL,NULL,NULL,NULL,NULL,0,NULL,NULL,-1,NULL,NULL
NARANJODL,"2025-09-08 13:33:15.000",171,260601-0034,45,NULL,138,"2026-06-01 00:00:00.000",NULL,0,NULL,0,Regular,0,1,NULL,NULL,NULL,"",0,0.0,0.0,0.0,0,NULL,NULL,NULL,NULL,NULL,NULL,NULL,NULL,NULL,NULL,NULL,0.0,0.0,0.0,0.0,0.0,NULL,NULL,NULL,NULL,0.0,NULL,NULL,NULL,NULL,NULL,NULL,NULL,0,NULL,NULL,-1,NULL,NULL
NARANJODL,"2025-09-08 13:35:17.000",172,250901-0040,46,NULL,139,"2025-09-01 00:00:00.000",NULL,0,NULL,0,Regular,0,1,NULL,NULL,NULL,"",0,0.0,0.0,0.0,0,NULL,NULL,NULL,NULL,NULL,NULL,NULL,NULL,NULL,NULL,NULL,0.0,0.0,0.0,0.0,0.0,NULL,NULL,NULL,NULL,0.0,NULL,NULL,NULL,NULL,NULL,NULL,NULL,0,NULL,NULL,-1,NULL,NULL
NARANJODL,"2025-09-08 13:35:17.000",173,251201-0035,46,NULL,139,"2025-12-01 00:00:00.000",NULL,0,NULL,0,Regular,0,1,NULL,NULL,NULL,"",0,0.0,0.0,0.0,0,NULL,NULL,NULL,NULL,NULL,NULL,NULL,NULL,NULL,NULL,NULL,0.0,0.0,0.0,0.0,0.0,NULL,NULL,NULL,NULL,0.0,NULL,NULL,NULL,NULL,NULL,NULL,NULL,0,NULL,NULL,-1,NULL,NULL
NARANJODL,"2025-09-08 13:35:17.000",174,260302-0041,46,NULL,139,"2026-03-02 00:00:00.000",NULL,0,NULL,0,Regular,0,1,NULL,NULL,NULL,"",0,0.0,0.0,0.0,0,NULL,NULL,NULL,NULL,NULL,NULL,NULL,NULL,NULL,NULL,NULL,0.0,0.0,0.0,0.0,0.0,NULL,NULL,NULL,NULL,0.0,NULL,NULL,NULL,NULL,NULL,NULL,NULL,0,NULL,NULL,-1,NULL,NULL
NARANJODL,"2025-09-08 13:35:17.000",175,260601-0035,46,NULL,139,"2026-06-01 00:00:00.000",NULL,0,NULL,0,Regular,0,1,NULL,NULL,NULL,"",0,0.0,0.0,0.0,0,NULL,NULL,NULL,NULL,NULL,NULL,NULL,NULL,NULL,NULL,NULL,0.0,0.0,0.0,0.0,0.0,NULL,NULL,NULL,NULL,0.0,NULL,NULL,NULL,NULL,NULL,NULL,NULL,0,NULL,NULL,-1,NULL,NULL
NARANJODL,"2025-09-08 13:40:43.000",176,250901-0041,47,NULL,141,"2025-09-01 00:00:00.000",NULL,0,NULL,0,Regular,0,1,NULL,NULL,NULL,"",0,0.0,0.0,0.0,0,NULL,NULL,NULL,NULL,NULL,NULL,NULL,NULL,NULL,NULL,NULL,0.0,0.0,0.0,0.0,0.0,NULL,NULL,NULL,NULL,0.0,NULL,NULL,NULL,NULL,NULL,NULL,NULL,0,NULL,NULL,-1,NULL,NULL
NARANJODL,"2025-09-08 13:40:43.000",177,251201-0036,47,NULL,141,"2025-12-01 00:00:00.000",NULL,0,NULL,0,Regular,0,1,NULL,NULL,NULL,"",0,0.0,0.0,0.0,0,NULL,NULL,NULL,NULL,NULL,NULL,NULL,NULL,NULL,NULL,NULL,0.0,0.0,0.0,0.0,0.0,NULL,NULL,NULL,NULL,0.0,NULL,NULL,NULL,NULL,NULL,NULL,NULL,0,NULL,NULL,-1,NULL,NULL
NARANJODL,"2025-09-08 13:40:43.000",178,260302-0042,47,NULL,141,"2026-03-02 00:00:00.000",NULL,0,NULL,0,Regular,0,1,NULL,NULL,NULL,"",0,0.0,0.0,0.0,0,NULL,NULL,NULL,NULL,NULL,NULL,NULL,NULL,NULL,NULL,NULL,0.0,0.0,0.0,0.0,0.0,NULL,NULL,NULL,NULL,0.0,NULL,NULL,NULL,NULL,NULL,NULL,NULL,0,NULL,NULL,-1,NULL,NULL
NARANJODL,"2025-09-08 13:40:43.000",179,260601-0036,47,NULL,141,"2026-06-01 00:00:00.000",NULL,0,NULL,0,Regular,0,1,NULL,NULL,NULL,"",0,0.0,0.0,0.0,0,NULL,NULL,NULL,NULL,NULL,NULL,NULL,NULL,NULL,NULL,NULL,0.0,0.0,0.0,0.0,0.0,NULL,NULL,NULL,NULL,0.0,NULL,NULL,NULL,NULL,NULL,NULL,NULL,0,NULL,NULL,-1,NULL,NULL
NARANJODL,"2025-09-08 13:45:56.000",180,250203-0001,46,NULL,139,"2025-02-03 00:00:00.000",NULL,0,NULL,0,Regular,0,1,NULL,NULL,NULL,"",0,0.0,0.0,0.0,0,NULL,NULL,NULL,NULL,NULL,NULL,NULL,NULL,NULL,NULL,NULL,0.0,0.0,0.0,0.0,0.0,NULL,NULL,NULL,NULL,0.0,NULL,NULL,NULL,NULL,NULL,NULL,NULL,0,NULL,NULL,-1,NULL,NULL
NARANJODL,"2025-09-08 13:45:56.000",181,250804-0001,46,NULL,139,"2025-08-04 00:00:00.000",NULL,0,NULL,0,Regular,0,1,NULL,NULL,NULL,"",0,0.0,0.0,0.0,0,NULL,NULL,NULL,NULL,NULL,NULL,NULL,NULL,NULL,NULL,NULL,0.0,0.0,0.0,0.0,0.0,NULL,NULL,NULL,NULL,0.0,NULL,NULL,NULL,NULL,NULL,NULL,NULL,0,NULL,NULL,-1,NULL,NULL
NARANJODL,"2025-09-08 13:55:09.000",183,260504-0001,46,NULL,139,"2026-05-04 00:00:00.000",NULL,0,NULL,0,Regular,0,1,NULL,NULL,NULL,"",0,0.0,0.0,0.0,0,NULL,NULL,NULL,NULL,NULL,NULL,NULL,NULL,NULL,NULL,NULL,0.0,0.0,0.0,0.0,0.0,NULL,NULL,NULL,NULL,0.0,NULL,NULL,NULL,NULL,NULL,NULL,NULL,0,NULL,NULL,-1,NULL,NULL
NARANJODL,"2025-09-08 14:00:51.000",184,260504-0002,48,NULL,141,"2026-05-04 00:00:00.000",NULL,0,NULL,0,Regular,0,1,NULL,NULL,NULL,"",0,0.0,0.0,0.0,0,NULL,NULL,NULL,NULL,NULL,NULL,NULL,NULL,NULL,NULL,NULL,0.0,0.0,0.0,0.0,0.0,NULL,NULL,NULL,NULL,0.0,NULL,NULL,NULL,NULL,NULL,NULL,NULL,0,NULL,NULL,-1,NULL,NULL
NARANJODL,"2025-09-08 14:02:43.000",185,260202-0002,49,NULL,141,"2026-02-02 00:00:00.000",NULL,0,NULL,0,Regular,0,1,NULL,NULL,NULL,"",0,0.0,0.0,0.0,0,NULL,NULL,NULL,NULL,NULL,NULL,NULL,NULL,NULL,NULL,NULL,0.0,0.0,0.0,0.0,0.0,NULL,NULL,NULL,NULL,0.0,NULL,NULL,NULL,NULL,NULL,NULL,NULL,0,NULL,NULL,-1,NULL,NULL
NARANJODL,"2025-09-08 14:05:20.000",186,251103-0001,50,NULL,142,"2025-11-03 00:00:00.000",NULL,0,NULL,0,Regular,0,1,NULL,NULL,NULL,"",0,0.0,0.0,0.0,0,NULL,NULL,NULL,NULL,NULL,NULL,NULL,NULL,NULL,NULL,NULL,0.0,0.0,0.0,0.0,0.0,NULL,NULL,NULL,NULL,0.0,NULL,NULL,NULL,NULL,NULL,NULL,NULL,0,NULL,NULL,-1,NULL,NULL
NARANJODL,"2025-09-08 14:05:20.000",187,260202-0003,50,NULL,142,"2026-02-02 00:00:00.000",NULL,0,NULL,0,Regular,0,1,NULL,NULL,NULL,"",0,0.0,0.0,0.0,0,NULL,NULL,NULL,NULL,NULL,NULL,NULL,NULL,NULL,NULL,NULL,0.0,0.0,0.0,0.0,0.0,NULL,NULL,NULL,NULL,0.0,NULL,NULL,NULL,NULL,NULL,NULL,NULL,0,NULL,NULL,-1,NULL,NULL
NARANJODL,"2025-09-08 14:05:21.000",188,260504-0003,50,NULL,142,"2026-05-04 00:00:00.000",NULL,0,NULL,0,Regular,0,1,NULL,NULL,NULL,"",0,0.0,0.0,0.0,0,NULL,NULL,NULL,NULL,NULL,NULL,NULL,NULL,NULL,NULL,NULL,0.0,0.0,0.0,0.0,0.0,NULL,NULL,NULL,NULL,0.0,NULL,NULL,NULL,NULL,NULL,NULL,NULL,0,NULL,NULL,-1,NULL,NULL
NARANJODL,"2025-09-08 14:09:06.000",189,260504-0004,51,NULL,142,"2026-05-04 00:00:00.000",NULL,0,NULL,0,Regular,0,1,NULL,NULL,NULL,"",0,0.0,0.0,0.0,0,NULL,NULL,NULL,NULL,NULL,NULL,NULL,NULL,NULL,NULL,NULL,0.0,0.0,0.0,0.0,0.0,NULL,NULL,NULL,NULL,0.0,NULL,NULL,NULL,NULL,NULL,NULL,NULL,0,NULL,NULL,-1,NULL,NULL
NARANJODL,"2025-09-08 14:10:20.000",190,251103-0002,52,NULL,143,"2025-11-03 00:00:00.000",NULL,0,NULL,0,Regular,0,1,NULL,NULL,NULL,"",0,0.0,0.0,0.0,0,NULL,NULL,NULL,NULL,NULL,NULL,NULL,NULL,NULL,NULL,NULL,0.0,0.0,0.0,0.0,0.0,NULL,NULL,NULL,NULL,0.0,NULL,NULL,NULL,NULL,NULL,NULL,NULL,0,NULL,NULL,-1,NULL,NULL
NARANJODL,"2025-09-08 14:10:20.000",191,260202-0004,52,NULL,143,"2026-02-02 00:00:00.000",NULL,0,NULL,0,Regular,0,1,NULL,NULL,NULL,"",0,0.0,0.0,0.0,0,NULL,NULL,NULL,NULL,NULL,NULL,NULL,NULL,NULL,NULL,NULL,0.0,0.0,0.0,0.0,0.0,NULL,NULL,NULL,NULL,0.0,NULL,NULL,NULL,NULL,NULL,NULL,NULL,0,NULL,NULL,-1,NULL,NULL
NARANJODL,"2025-09-08 14:10:20.000",192,260504-0005,52,NULL,143,"2026-05-04 00:00:00.000",NULL,0,NULL,0,Regular,0,1,NULL,NULL,NULL,"",0,0.0,0.0,0.0,0,NULL,NULL,NULL,NULL,NULL,NULL,NULL,NULL,NULL,NULL,NULL,0.0,0.0,0.0,0.0,0.0,NULL,NULL,NULL,NULL,0.0,NULL,NULL,NULL,NULL,NULL,NULL,NULL,0,NULL,NULL,-1,NULL,NULL
NARANJODL,"2025-09-08 14:12:56.000",193,250505-0001,53,NULL,143,"2025-05-05 00:00:00.000",NULL,0,NULL,0,Regular,0,1,NULL,NULL,NULL,"",0,0.0,0.0,0.0,0,NULL,NULL,NULL,NULL,NULL,NULL,NULL,NULL,NULL,NULL,NULL,0.0,0.0,0.0,0.0,0.0,NULL,NULL,NULL,NULL,0.0,NULL,NULL,NULL,NULL,NULL,NULL,NULL,0,NULL,NULL,-1,NULL,NULL
NARANJODL,"2025-09-08 14:12:56.000",194,260504-0006,53,NULL,143,"2026-05-04 00:00:00.000",NULL,0,NULL,0,Regular,0,1,NULL,NULL,NULL,"",0,0.0,0.0,0.0,0,NULL,NULL,NULL,NULL,NULL,NULL,NULL,NULL,NULL,NULL,NULL,0.0,0.0,0.0,0.0,0.0,NULL,NULL,NULL,NULL,0.0,NULL,NULL,NULL,NULL,NULL,NULL,NULL,0,NULL,NULL,-1,NULL,NULL
NARANJODL,"2025-09-08 14:15:26.000",195,251103-0003,54,NULL,144,"2025-11-03 00:00:00.000",NULL,0,NULL,0,Regular,0,1,NULL,NULL,NULL,"",0,0.0,0.0,0.0,0,NULL,NULL,NULL,NULL,NULL,NULL,NULL,NULL,NULL,NULL,NULL,0.0,0.0,0.0,0.0,0.0,NULL,NULL,NULL,NULL,0.0,NULL,NULL,NULL,NULL,NULL,NULL,NULL,0,NULL,NULL,-1,NULL,NULL
NARANJODL,"2025-09-08 14:15:26.000",196,260202-0005,54,NULL,144,"2026-02-02 00:00:00.000",NULL,0,NULL,0,Regular,0,1,NULL,NULL,NULL,"",0,0.0,0.0,0.0,0,NULL,NULL,NULL,NULL,NULL,NULL,NULL,NULL,NULL,NULL,NULL,0.0,0.0,0.0,0.0,0.0,NULL,NULL,NULL,NULL,0.0,NULL,NULL,NULL,NULL,NULL,NULL,NULL,0,NULL,NULL,-1,NULL,NULL
NARANJODL,"2025-09-08 14:15:26.000",197,260504-0007,54,NULL,144,"2026-05-04 00:00:00.000",NULL,0,NULL,0,Regular,0,1,NULL,NULL,NULL,"",0,0.0,0.0,0.0,0,NULL,NULL,NULL,NULL,NULL,NULL,NULL,NULL,NULL,NULL,NULL,0.0,0.0,0.0,0.0,0.0,NULL,NULL,NULL,NULL,0.0,NULL,NULL,NULL,NULL,NULL,NULL,NULL,0,NULL,NULL,-1,NULL,NULL
NARANJODL,"2025-09-08 14:18:03.000",198,251103-0004,55,NULL,145,"2025-11-03 00:00:00.000",NULL,0,NULL,0,Regular,0,1,NULL,NULL,NULL,"",0,0.0,0.0,0.0,0,NULL,NULL,NULL,NULL,NULL,NULL,NULL,NULL,NULL,NULL,NULL,0.0,0.0,0.0,0.0,0.0,NULL,NULL,NULL,NULL,0.0,NULL,NULL,NULL,NULL,NULL,NULL,NULL,0,NULL,NULL,-1,NULL,NULL
NARANJODL,"2025-09-08 14:18:04.000",199,260202-0006,55,NULL,145,"2026-02-02 00:00:00.000",NULL,0,NULL,0,Regular,0,1,NULL,NULL,NULL,"",0,0.0,0.0,0.0,0,NULL,NULL,NULL,NULL,NULL,NULL,NULL,NULL,NULL,NULL,NULL,0.0,0.0,0.0,0.0,0.0,NULL,NULL,NULL,NULL,0.0,NULL,NULL,NULL,NULL,NULL,NULL,NULL,0,NULL,NULL,-1,NULL,NULL
NARANJODL,"2025-09-08 14:18:04.000",200,260504-0008,55,NULL,145,"2026-05-04 00:00:00.000",NULL,0,NULL,0,Regular,0,1,NULL,NULL,NULL,"",0,0.0,0.0,0.0,0,NULL,NULL,NULL,NULL,NULL,NULL,NULL,NULL,NULL,NULL,NULL,0.0,0.0,0.0,0.0,0.0,NULL,NULL,NULL,NULL,0.0,NULL,NULL,NULL,NULL,NULL,NULL,NULL,0,NULL,NULL,-1,NULL,NULL
NARANJODL,"2025-09-08 14:20:33.000",201,251103-0005,56,NULL,146,"2025-11-03 00:00:00.000",NULL,0,NULL,0,Regular,0,1,NULL,NULL,NULL,"",0,0.0,0.0,0.0,0,NULL,NULL,NULL,NULL,NULL,NULL,NULL,NULL,NULL,NULL,NULL,0.0,0.0,0.0,0.0,0.0,NULL,NULL,NULL,NULL,0.0,NULL,NULL,NULL,NULL,NULL,NULL,NULL,0,NULL,NULL,-1,NULL,NULL
NARANJODL,"2025-09-08 14:20:33.000",202,260202-0007,56,NULL,146,"2026-02-02 00:00:00.000",NULL,0,NULL,0,Regular,0,1,NULL,NULL,NULL,"",0,0.0,0.0,0.0,0,NULL,NULL,NULL,NULL,NULL,NULL,NULL,NULL,NULL,NULL,NULL,0.0,0.0,0.0,0.0,0.0,NULL,NULL,NULL,NULL,0.0,NULL,NULL,NULL,NULL,NULL,NULL,NULL,0,NULL,NULL,-1,NULL,NULL
NARANJODL,"2025-09-08 14:20:33.000",203,260504-0009,56,NULL,146,"2026-05-04 00:00:00.000",NULL,0,NULL,0,Regular,0,1,NULL,NULL,NULL,"",0,0.0,0.0,0.0,0,NULL,NULL,NULL,NULL,NULL,NULL,NULL,NULL,NULL,NULL,NULL,0.0,0.0,0.0,0.0,0.0,NULL,NULL,NULL,NULL,0.0,NULL,NULL,NULL,NULL,NULL,NULL,NULL,0,NULL,NULL,-1,NULL,NULL
NARANJODL,"2025-09-08 14:22:45.000",204,251103-0006,57,NULL,147,"2025-11-03 00:00:00.000",NULL,0,NULL,0,Regular,0,1,NULL,NULL,NULL,"",0,0.0,0.0,0.0,0,NULL,NULL,NULL,NULL,NULL,NULL,NULL,NULL,NULL,NULL,NULL,0.0,0.0,0.0,0.0,0.0,NULL,NULL,NULL,NULL,0.0,NULL,NULL,NULL,NULL,NULL,NULL,NULL,0,NULL,NULL,-1,NULL,NULL
NARANJODL,"2025-09-08 14:22:45.000",205,260202-0008,57,NULL,147,"2026-02-02 00:00:00.000",NULL,0,NULL,0,Regular,0,1,NULL,NULL,NULL,"",0,0.0,0.0,0.0,0,NULL,NULL,NULL,NULL,NULL,NULL,NULL,NULL,NULL,NULL,NULL,0.0,0.0,0.0,0.0,0.0,NULL,NULL,NULL,NULL,0.0,NULL,NULL,NULL,NULL,NULL,NULL,NULL,0,NULL,NULL,-1,NULL,NULL
NARANJODL,"2025-09-08 14:22:46.000",206,260504-0010,57,NULL,147,"2026-05-04 00:00:00.000",NULL,0,NULL,0,Regular,0,1,NULL,NULL,NULL,"",0,0.0,0.0,0.0,0,NULL,NULL,NULL,NULL,NULL,NULL,NULL,NULL,NULL,NULL,NULL,0.0,0.0,0.0,0.0,0.0,NULL,NULL,NULL,NULL,0.0,NULL,NULL,NULL,NULL,NULL,NULL,NULL,0,NULL,NULL,-1,NULL,NULL
NARANJODL,"2025-09-08 14:24:42.000",207,251103-0007,58,NULL,148,"2025-11-03 00:00:00.000",NULL,0,NULL,0,Regular,0,1,NULL,NULL,NULL,"",0,0.0,0.0,0.0,0,NULL,NULL,NULL,NULL,NULL,NULL,NULL,NULL,NULL,NULL,NULL,0.0,0.0,0.0,0.0,0.0,NULL,NULL,NULL,NULL,0.0,NULL,NULL,NULL,NULL,NULL,NULL,NULL,0,NULL,NULL,-1,NULL,NULL
NARANJODL,"2025-09-08 14:24:42.000",208,260202-0009,58,NULL,148,"2026-02-02 00:00:00.000",NULL,0,NULL,0,Regular,0,1,NULL,NULL,NULL,"",0,0.0,0.0,0.0,0,NULL,NULL,NULL,NULL,NULL,NULL,NULL,NULL,NULL,NULL,NULL,0.0,0.0,0.0,0.0,0.0,NULL,NULL,NULL,NULL,0.0,NULL,NULL,NULL,NULL,NULL,NULL,NULL,0,NULL,NULL,-1,NULL,NULL
NARANJODL,"2025-09-08 14:24:42.000",209,260504-0011,58,NULL,148,"2026-05-04 00:00:00.000",NULL,0,NULL,0,Regular,0,1,NULL,NULL,NULL,"",0,0.0,0.0,0.0,0,NULL,NULL,NULL,NULL,NULL,NULL,NULL,NULL,NULL,NULL,NULL,0.0,0.0,0.0,0.0,0.0,NULL,NULL,NULL,NULL,0.0,NULL,NULL,NULL,NULL,NULL,NULL,NULL,0,NULL,NULL,-1,NULL,NULL
NARANJODL,"2025-09-08 14:26:48.000",210,251103-0008,59,NULL,149,"2025-11-03 00:00:00.000",NULL,0,NULL,0,Regular,0,1,NULL,NULL,NULL,"",0,0.0,0.0,0.0,0,NULL,NULL,NULL,NULL,NULL,NULL,NULL,NULL,NULL,NULL,NULL,0.0,0.0,0.0,0.0,0.0,NULL,NULL,NULL,NULL,0.0,NULL,NULL,NULL,NULL,NULL,NULL,NULL,0,NULL,NULL,-1,NULL,NULL
NARANJODL,"2025-09-08 14:26:49.000",211,260202-0010,59,NULL,149,"2026-02-02 00:00:00.000",NULL,0,NULL,0,Regular,0,1,NULL,NULL,NULL,"",0,0.0,0.0,0.0,0,NULL,NULL,NULL,NULL,NULL,NULL,NULL,NULL,NULL,NULL,NULL,0.0,0.0,0.0,0.0,0.0,NULL,NULL,NULL,NULL,0.0,NULL,NULL,NULL,NULL,NULL,NULL,NULL,0,NULL,NULL,-1,NULL,NULL
NARANJODL,"2025-09-08 14:26:49.000",212,260504-0012,59,NULL,149,"2026-05-04 00:00:00.000",NULL,0,NULL,0,Regular,0,1,NULL,NULL,NULL,"",0,0.0,0.0,0.0,0,NULL,NULL,NULL,NULL,NULL,NULL,NULL,NULL,NULL,NULL,NULL,0.0,0.0,0.0,0.0,0.0,NULL,NULL,NULL,NULL,0.0,NULL,NULL,NULL,NULL,NULL,NULL,NULL,0,NULL,NULL,-1,NULL,NULL
NARANJODL,"2025-09-08 14:27:28.000",213,251103-0009,60,NULL,150,"2025-11-03 00:00:00.000",NULL,0,NULL,0,Regular,0,1,NULL,NULL,NULL,"",0,0.0,0.0,0.0,0,NULL,NULL,NULL,NULL,NULL,NULL,NULL,NULL,NULL,NULL,NULL,0.0,0.0,0.0,0.0,0.0,NULL,NULL,NULL,NULL,0.0,NULL,NULL,NULL,NULL,NULL,NULL,NULL,0,NULL,NULL,-1,NULL,NULL
NARANJODL,"2025-09-08 14:27:28.000",214,260202-0011,60,NULL,150,"2026-02-02 00:00:00.000",NULL,0,NULL,0,Regular,0,1,NULL,NULL,NULL,"",0,0.0,0.0,0.0,0,NULL,NULL,NULL,NULL,NULL,NULL,NULL,NULL,NULL,NULL,NULL,0.0,0.0,0.0,0.0,0.0,NULL,NULL,NULL,NULL,0.0,NULL,NULL,NULL,NULL,NULL,NULL,NULL,0,NULL,NULL,-1,NULL,NULL
NARANJODL,"2025-09-08 14:27:28.000",215,260504-0013,60,NULL,150,"2026-05-04 00:00:00.000",NULL,0,NULL,0,Regular,0,1,NULL,NULL,NULL,"",0,0.0,0.0,0.0,0,NULL,NULL,NULL,NULL,NULL,NULL,NULL,NULL,NULL,NULL,NULL,0.0,0.0,0.0,0.0,0.0,NULL,NULL,NULL,NULL,0.0,NULL,NULL,NULL,NULL,NULL,NULL,NULL,0,NULL,NULL,-1,NULL,NULL
NARANJODL,"2025-09-08 14:28:51.000",216,251103-0010,61,NULL,151,"2025-11-03 00:00:00.000",NULL,0,NULL,0,Regular,0,1,NULL,NULL,NULL,"",0,0.0,0.0,0.0,0,NULL,NULL,NULL,NULL,NULL,NULL,NULL,NULL,NULL,NULL,NULL,0.0,0.0,0.0,0.0,0.0,NULL,NULL,NULL,NULL,0.0,NULL,NULL,NULL,NULL,NULL,NULL,NULL,0,NULL,NULL,-1,NULL,NULL
NARANJODL,"2025-09-08 14:28:51.000",217,260202-0012,61,NULL,151,"2026-02-02 00:00:00.000",NULL,0,NULL,0,Regular,0,1,NULL,NULL,NULL,"",0,0.0,0.0,0.0,0,NULL,NULL,NULL,NULL,NULL,NULL,NULL,NULL,NULL,NULL,NULL,0.0,0.0,0.0,0.0,0.0,NULL,NULL,NULL,NULL,0.0,NULL,NULL,NULL,NULL,NULL,NULL,NULL,0,NULL,NULL,-1,NULL,NULL
NARANJODL,"2025-09-08 14:28:51.000",218,260504-0014,61,NULL,151,"2026-05-04 00:00:00.000",NULL,0,NULL,0,Regular,0,1,NULL,NULL,NULL,"",0,0.0,0.0,0.0,0,NULL,NULL,NULL,NULL,NULL,NULL,NULL,NULL,NULL,NULL,NULL,0.0,0.0,0.0,0.0,0.0,NULL,NULL,NULL,NULL,0.0,NULL,NULL,NULL,NULL,NULL,NULL,NULL,0,NULL,NULL,-1,NULL,NULL
NARANJODL,"2025-09-08 14:30:26.000",219,250901-0042,62,NULL,156,"2025-09-01 00:00:00.000",NULL,0,NULL,0,Regular,0,1,NULL,NULL,NULL,"",0,0.0,0.0,0.0,0,NULL,NULL,NULL,NULL,NULL,NULL,NULL,NULL,NULL,NULL,NULL,0.0,0.0,0.0,0.0,0.0,NULL,NULL,NULL,NULL,0.0,NULL,NULL,NULL,NULL,NULL,NULL,NULL,0,NULL,NULL,-1,NULL,NULL
NARANJODL,"2025-09-08 14:30:26.000",220,251201-0037,62,NULL,156,"2025-12-01 00:00:00.000",NULL,0,NULL,0,Regular,0,1,NULL,NULL,NULL,"",0,0.0,0.0,0.0,0,NULL,NULL,NULL,NULL,NULL,NULL,NULL,NULL,NULL,NULL,NULL,0.0,0.0,0.0,0.0,0.0,NULL,NULL,NULL,NULL,0.0,NULL,NULL,NULL,NULL,NULL,NULL,NULL,0,NULL,NULL,-1,NULL,NULL
NARANJODL,"2025-09-08 14:30:26.000",221,260302-0043,62,NULL,156,"2026-03-02 00:00:00.000",NULL,0,NULL,0,Regular,0,1,NULL,NULL,NULL,"",0,0.0,0.0,0.0,0,NULL,NULL,NULL,NULL,NULL,NULL,NULL,NULL,NULL,NULL,NULL,0.0,0.0,0.0,0.0,0.0,NULL,NULL,NULL,NULL,0.0,NULL,NULL,NULL,NULL,NULL,NULL,NULL,0,NULL,NULL,-1,NULL,NULL
NARANJODL,"2025-09-08 14:30:26.000",222,260601-0037,62,NULL,156,"2026-06-01 00:00:00.000",NULL,0,NULL,0,Regular,0,1,NULL,NULL,NULL,"",0,0.0,0.0,0.0,0,NULL,NULL,NULL,NULL,NULL,NULL,NULL,NULL,NULL,NULL,NULL,0.0,0.0,0.0,0.0,0.0,NULL,NULL,NULL,NULL,0.0,NULL,NULL,NULL,NULL,NULL,NULL,NULL,0,NULL,NULL,-1,NULL,NULL
NARANJODL,"2025-09-08 14:31:50.000",223,250901-0043,63,NULL,158,"2025-09-01 00:00:00.000",NULL,0,NULL,0,Regular,0,1,NULL,NULL,NULL,"",0,0.0,0.0,0.0,0,NULL,NULL,NULL,NULL,NULL,NULL,NULL,NULL,NULL,NULL,NULL,0.0,0.0,0.0,0.0,0.0,NULL,NULL,NULL,NULL,0.0,NULL,NULL,NULL,NULL,NULL,NULL,NULL,0,NULL,NULL,-1,NULL,NULL
NARANJODL,"2025-09-08 14:31:50.000",224,251201-0038,63,NULL,158,"2025-12-01 00:00:00.000",NULL,0,NULL,0,Regular,0,1,NULL,NULL,NULL,"",0,0.0,0.0,0.0,0,NULL,NULL,NULL,NULL,NULL,NULL,NULL,NULL,NULL,NULL,NULL,0.0,0.0,0.0,0.0,0.0,NULL,NULL,NULL,NULL,0.0,NULL,NULL,NULL,NULL,NULL,NULL,NULL,0,NULL,NULL,-1,NULL,NULL
NARANJODL,"2025-09-08 14:31:50.000",225,260302-0044,63,NULL,158,"2026-03-02 00:00:00.000",NULL,0,NULL,0,Regular,0,1,NULL,NULL,NULL,"",0,0.0,0.0,0.0,0,NULL,NULL,NULL,NULL,NULL,NULL,NULL,NULL,NULL,NULL,NULL,0.0,0.0,0.0,0.0,0.0,NULL,NULL,NULL,NULL,0.0,NULL,NULL,NULL,NULL,NULL,NULL,NULL,0,NULL,NULL,-1,NULL,NULL
NARANJODL,"2025-09-08 14:31:51.000",226,260601-0038,63,NULL,158,"2026-06-01 00:00:00.000",NULL,0,NULL,0,Regular,0,1,NULL,NULL,NULL,"",0,0.0,0.0,0.0,0,NULL,NULL,NULL,NULL,NULL,NULL,NULL,NULL,NULL,NULL,NULL,0.0,0.0,0.0,0.0,0.0,NULL,NULL,NULL,NULL,0.0,NULL,NULL,NULL,NULL,NULL,NULL,NULL,0,NULL,NULL,-1,NULL,NULL
NARANJODL,"2025-09-08 14:34:28.000",227,250901-0044,64,NULL,160,"2025-09-01 00:00:00.000",NULL,0,NULL,0,Regular,0,1,NULL,NULL,NULL,"",0,0.0,0.0,0.0,0,NULL,NULL,NULL,NULL,NULL,NULL,NULL,NULL,NULL,NULL,NULL,0.0,0.0,0.0,0.0,0.0,NULL,NULL,NULL,NULL,0.0,NULL,NULL,NULL,NULL,NULL,NULL,NULL,0,NULL,NULL,-1,NULL,NULL
NARANJODL,"2025-09-08 14:34:29.000",228,251201-0039,64,NULL,160,"2025-12-01 00:00:00.000",NULL,0,NULL,0,Regular,0,1,NULL,NULL,NULL,"",0,0.0,0.0,0.0,0,NULL,NULL,NULL,NULL,NULL,NULL,NULL,NULL,NULL,NULL,NULL,0.0,0.0,0.0,0.0,0.0,NULL,NULL,NULL,NULL,0.0,NULL,NULL,NULL,NULL,NULL,NULL,NULL,0,NULL,NULL,-1,NULL,NULL
NARANJODL,"2025-09-08 14:34:29.000",229,260302-0045,64,NULL,160,"2026-03-02 00:00:00.000",NULL,0,NULL,0,Regular,0,1,NULL,NULL,NULL,"",0,0.0,0.0,0.0,0,NULL,NULL,NULL,NULL,NULL,NULL,NULL,NULL,NULL,NULL,NULL,0.0,0.0,0.0,0.0,0.0,NULL,NULL,NULL,NULL,0.0,NULL,NULL,NULL,NULL,NULL,NULL,NULL,0,NULL,NULL,-1,NULL,NULL
NARANJODL,"2025-09-08 14:34:29.000",230,260601-0039,64,NULL,160,"2026-06-01 00:00:00.000",NULL,0,NULL,0,Regular,0,1,NULL,NULL,NULL,"",0,0.0,0.0,0.0,0,NULL,NULL,NULL,NULL,NULL,NULL,NULL,NULL,NULL,NULL,NULL,0.0,0.0,0.0,0.0,0.0,NULL,NULL,NULL,NULL,0.0,NULL,NULL,NULL,NULL,NULL,NULL,NULL,0,NULL,NULL,-1,NULL,NULL
NARANJODL,"2025-09-08 14:37:26.000",231,250901-0045,65,NULL,161,"2025-09-01 00:00:00.000",NULL,0,NULL,0,Regular,0,1,NULL,NULL,NULL,"",0,0.0,0.0,0.0,0,NULL,NULL,NULL,NULL,NULL,NULL,NULL,NULL,NULL,NULL,NULL,0.0,0.0,0.0,0.0,0.0,NULL,NULL,NULL,NULL,0.0,NULL,NULL,NULL,NULL,NULL,NULL,NULL,0,NULL,NULL,-1,NULL,NULL
NARANJODL,"2025-09-08 14:37:26.000",232,251201-0040,65,NULL,161,"2025-12-01 00:00:00.000",NULL,0,NULL,0,Regular,0,1,NULL,NULL,NULL,"",0,0.0,0.0,0.0,0,NULL,NULL,NULL,NULL,NULL,NULL,NULL,NULL,NULL,NULL,NULL,0.0,0.0,0.0,0.0,0.0,NULL,NULL,NULL,NULL,0.0,NULL,NULL,NULL,NULL,NULL,NULL,NULL,0,NULL,NULL,-1,NULL,NULL
NARANJODL,"2025-09-08 14:37:27.000",233,260302-0046,65,NULL,161,"2026-03-02 00:00:00.000",NULL,0,NULL,0,Regular,0,1,NULL,NULL,NULL,"",0,0.0,0.0,0.0,0,NULL,NULL,NULL,NULL,NULL,NULL,NULL,NULL,NULL,NULL,NULL,0.0,0.0,0.0,0.0,0.0,NULL,NULL,NULL,NULL,0.0,NULL,NULL,NULL,NULL,NULL,NULL,NULL,0,NULL,NULL,-1,NULL,NULL
NARANJODL,"2025-09-08 14:37:27.000",234,260601-0040,65,NULL,161,"2026-06-01 00:00:00.000",NULL,0,NULL,0,Regular,0,1,NULL,NULL,NULL,"",0,0.0,0.0,0.0,0,NULL,NULL,NULL,NULL,NULL,NULL,NULL,NULL,NULL,NULL,NULL,0.0,0.0,0.0,0.0,0.0,NULL,NULL,NULL,NULL,0.0,NULL,NULL,NULL,NULL,NULL,NULL,NULL,0,NULL,NULL,-1,NULL,NULL
NARANJODL,"2025-09-08 14:39:39.000",235,250901-0046,66,NULL,162,"2025-09-01 00:00:00.000",NULL,0,NULL,0,Regular,0,1,NULL,NULL,NULL,"",0,0.0,0.0,0.0,0,NULL,NULL,NULL,NULL,NULL,NULL,NULL,NULL,NULL,NULL,NULL,0.0,0.0,0.0,0.0,0.0,NULL,NULL,NULL,NULL,0.0,NULL,NULL,NULL,NULL,NULL,NULL,NULL,0,NULL,NULL,-1,NULL,NULL
NARANJODL,"2025-09-08 14:39:39.000",236,251201-0041,66,NULL,162,"2025-12-01 00:00:00.000",NULL,0,NULL,0,Regular,0,1,NULL,NULL,NULL,"",0,0.0,0.0,0.0,0,NULL,NULL,NULL,NULL,NULL,NULL,NULL,NULL,NULL,NULL,NULL,0.0,0.0,0.0,0.0,0.0,NULL,NULL,NULL,NULL,0.0,NULL,NULL,NULL,NULL,NULL,NULL,NULL,0,NULL,NULL,-1,NULL,NULL
NARANJODL,"2025-09-08 14:39:40.000",237,260302-0047,66,NULL,162,"2026-03-02 00:00:00.000",NULL,0,NULL,0,Regular,0,1,NULL,NULL,NULL,"",0,0.0,0.0,0.0,0,NULL,NULL,NULL,NULL,NULL,NULL,NULL,NULL,NULL,NULL,NULL,0.0,0.0,0.0,0.0,0.0,NULL,NULL,NULL,NULL,0.0,NULL,NULL,NULL,NULL,NULL,NULL,NULL,0,NULL,NULL,-1,NULL,NULL
NARANJODL,"2025-09-08 14:39:40.000",238,260601-0041,66,NULL,162,"2026-06-01 00:00:00.000",NULL,0,NULL,0,Regular,0,1,NULL,NULL,NULL,"",0,0.0,0.0,0.0,0,NULL,NULL,NULL,NULL,NULL,NULL,NULL,NULL,NULL,NULL,NULL,0.0,0.0,0.0,0.0,0.0,NULL,NULL,NULL,NULL,0.0,NULL,NULL,NULL,NULL,NULL,NULL,NULL,0,NULL,NULL,-1,NULL,NULL
NARANJODL,"2025-09-08 14:41:33.000",239,250901-0047,67,NULL,163,"2025-09-01 00:00:00.000",NULL,0,NULL,0,Regular,0,1,NULL,NULL,NULL,"",0,0.0,0.0,0.0,0,NULL,NULL,NULL,NULL,NULL,NULL,NULL,NULL,NULL,NULL,NULL,0.0,0.0,0.0,0.0,0.0,NULL,NULL,NULL,NULL,0.0,NULL,NULL,NULL,NULL,NULL,NULL,NULL,0,NULL,NULL,-1,NULL,NULL
NARANJODL,"2025-09-08 14:41:33.000",240,251201-0042,67,NULL,163,"2025-12-01 00:00:00.000",NULL,0,NULL,0,Regular,0,1,NULL,NULL,NULL,"",0,0.0,0.0,0.0,0,NULL,NULL,NULL,NULL,NULL,NULL,NULL,NULL,NULL,NULL,NULL,0.0,0.0,0.0,0.0,0.0,NULL,NULL,NULL,NULL,0.0,NULL,NULL,NULL,NULL,NULL,NULL,NULL,0,NULL,NULL,-1,NULL,NULL
NARANJODL,"2025-09-08 14:41:33.000",241,260302-0048,67,NULL,163,"2026-03-02 00:00:00.000",NULL,0,NULL,0,Regular,0,1,NULL,NULL,NULL,"",0,0.0,0.0,0.0,0,NULL,NULL,NULL,NULL,NULL,NULL,NULL,NULL,NULL,NULL,NULL,0.0,0.0,0.0,0.0,0.0,NULL,NULL,NULL,NULL,0.0,NULL,NULL,NULL,NULL,NULL,NULL,NULL,0,NULL,NULL,-1,NULL,NULL
NARANJODL,"2025-09-08 14:41:33.000",242,260601-0042,67,NULL,163,"2026-06-01 00:00:00.000",NULL,0,NULL,0,Regular,0,1,NULL,NULL,NULL,"",0,0.0,0.0,0.0,0,NULL,NULL,NULL,NULL,NULL,NULL,NULL,NULL,NULL,NULL,NULL,0.0,0.0,0.0,0.0,0.0,NULL,NULL,NULL,NULL,0.0,NULL,NULL,NULL,NULL,NULL,NULL,NULL,0,NULL,NULL,-1,NULL,NULL
NARANJODL,"2025-09-08 14:43:55.000",243,250901-0048,68,NULL,153,"2025-09-01 00:00:00.000",NULL,0,NULL,0,Regular,0,0,NULL,NULL,NULL,"",0,0.0,0.0,0.0,0,NULL,NULL,NULL,NULL,NULL,NULL,NULL,NULL,NULL,NULL,NULL,0.0,0.0,0.0,0.0,0.0,NULL,NULL,NULL,NULL,0.0,NULL,NULL,NULL,NULL,NULL,NULL,NULL,0,NULL,NULL,-1,NULL,NULL
NARANJODL,"2025-09-08 14:43:55.000",244,251201-0043,68,NULL,153,"2025-12-01 00:00:00.000",NULL,0,NULL,0,Regular,0,0,NULL,NULL,NULL,"",0,0.0,0.0,0.0,0,NULL,NULL,NULL,NULL,NULL,NULL,NULL,NULL,NULL,NULL,NULL,0.0,0.0,0.0,0.0,0.0,NULL,NULL,NULL,NULL,0.0,NULL,NULL,NULL,NULL,NULL,NULL,NULL,0,NULL,NULL,-1,NULL,NULL
NARANJODL,"2025-09-08 14:43:55.000",245,260302-0049,68,NULL,153,"2026-03-02 00:00:00.000",NULL,0,NULL,0,Regular,0,0,NULL,NULL,NULL,"",0,0.0,0.0,0.0,0,NULL,NULL,NULL,NULL,NULL,NULL,NULL,NULL,NULL,NULL,NULL,0.0,0.0,0.0,0.0,0.0,NULL,NULL,NULL,NULL,0.0,NULL,NULL,NULL,NULL,NULL,NULL,NULL,0,NULL,NULL,-1,NULL,NULL
NARANJODL,"2025-09-08 14:43:55.000",246,260601-0043,68,NULL,153,"2026-06-01 00:00:00.000",NULL,0,NULL,0,Regular,0,0,NULL,NULL,NULL,"",0,0.0,0.0,0.0,0,NULL,NULL,NULL,NULL,NULL,NULL,NULL,NULL,NULL,NULL,NULL,0.0,0.0,0.0,0.0,0.0,NULL,NULL,NULL,NULL,0.0,NULL,NULL,NULL,NULL,NULL,NULL,NULL,0,NULL,NULL,-1,NULL,NULL
NARANJODL,"2025-09-08 14:46:10.000",247,250901-0049,69,NULL,154,"2025-09-01 00:00:00.000",NULL,0,NULL,0,Regular,0,0,NULL,NULL,NULL,"",0,0.0,0.0,0.0,0,NULL,NULL,NULL,NULL,NULL,NULL,NULL,NULL,NULL,NULL,NULL,0.0,0.0,0.0,0.0,0.0,NULL,NULL,NULL,NULL,0.0,NULL,NULL,NULL,NULL,NULL,NULL,NULL,0,NULL,NULL,-1,NULL,NULL
NARANJODL,"2025-09-08 14:46:10.000",248,251201-0044,69,NULL,154,"2025-12-01 00:00:00.000",NULL,0,NULL,0,Regular,0,0,NULL,NULL,NULL,"",0,0.0,0.0,0.0,0,NULL,NULL,NULL,NULL,NULL,NULL,NULL,NULL,NULL,NULL,NULL,0.0,0.0,0.0,0.0,0.0,NULL,NULL,NULL,NULL,0.0,NULL,NULL,NULL,NULL,NULL,NULL,NULL,0,NULL,NULL,-1,NULL,NULL
NARANJODL,"2025-09-08 14:46:10.000",249,260302-0050,69,NULL,154,"2026-03-02 00:00:00.000",NULL,0,NULL,0,Regular,0,0,NULL,NULL,NULL,"",0,0.0,0.0,0.0,0,NULL,NULL,NULL,NULL,NULL,NULL,NULL,NULL,NULL,NULL,NULL,0.0,0.0,0.0,0.0,0.0,NULL,NULL,NULL,NULL,0.0,NULL,NULL,NULL,NULL,NULL,NULL,NULL,0,NULL,NULL,-1,NULL,NULL
NARANJODL,"2025-09-08 14:46:10.000",250,260601-0044,69,NULL,154,"2026-06-01 00:00:00.000",NULL,0,NULL,0,Regular,0,0,NULL,NULL,NULL,"",0,0.0,0.0,0.0,0,NULL,NULL,NULL,NULL,NULL,NULL,NULL,NULL,NULL,NULL,NULL,0.0,0.0,0.0,0.0,0.0,NULL,NULL,NULL,NULL,0.0,NULL,NULL,NULL,NULL,NULL,NULL,NULL,0,NULL,NULL,-1,NULL,NULL
