AUDITUSER,AUDITTIMESTAMP,ID,EVENTTYPE,DESCRIPTION,RECORDER,SHOWSTARTDATE,SHOWENDDATE,SHOWDURATION,SHOWFLOW,SHOWDATEDUE,SHOWDATECOMPLETE,UD1CAPTION,UD1TYPE,UD2CAPTION,UD2TYPE,CHANGE_LOCATION_STATUS,LOCATION_STATUS_TYPE_ID,VAR_REQUIRED,SYSTEM_CLASS
---------,--------------,--,---------,-----------,--------,-------------,-----------,------------,--------,-----------,----------------,----------,-------,----------,-------,----------------------,-----------------------,------------,------------
NARANJODL,"2024-02-19 14:00:08.000",1,Violation,"Permit Violation",1,-1,-1,-1,0,0,0,LIMIT_NAME,2,"",0,0,NULL,-1,1
NARANJODL,"2024-02-19 14:00:08.000",2,QC_Flag,"Quality Control Flag",2,-1,-1,-1,0,0,0,LIMIT_NAME,2,"",0,0,NULL,-1,2
NARANJODL,"2024-02-19 14:00:08.000",3,"Entry Limit Flag","Entry Limit Flag",3,-1,-1,-1,0,0,0,LIMIT_NAME,2,"",0,0,NULL,-1,3
UPDB800,"2025-07-23 08:39:25.000",4,"Late Sample","Late Sample Notification",4,-1,0,0,0,0,0,SAMPLENUM,2,UD2,0,0,NULL,0,4
UPDB834,"2025-07-23 08:39:34.000",5,"Sample Missing Results","Sample Missing Results Notification",5,-1,0,0,0,0,0,SAMPLENUM,2,UD2,0,0,NULL,0,5
UPDB834,"2025-07-23 08:39:34.000",6,"Closed Sample Missing Results","Closed Sample Missing Results Notification",6,-1,0,0,0,0,0,SAMPLENUM,2,UD2,0,0,NULL,0,6
UPDB834,"2025-07-23 08:39:34.000",7,"Triggered Sample","Triggered Sample",7,-1,0,0,0,0,0,SAMPLENUM,2,UD2,0,0,NULL,-1,7
UPDB834,"2025-07-23 08:39:34.000",8,"Triggered Event","Triggered Event",8,-1,0,0,0,0,0,"Trigger Name",2,UD2,0,0,NULL,-1,8
