AUDITUSER,AUDITTIMESTAMP,EGROUPID,USERID,ACCESSLEVEL
---------,--------------,--------,------,-----------
OPSSYS_BD,"2024-02-19 14:00:00.293",1,262,2
OPSSYS_BD,"2024-02-19 14:00:00.297",2,262,2
OPSSYS_BD,"2024-02-19 14:00:00.297",3,262,2
OPSSYS_BD,"2024-02-19 14:00:00.300",1,3,2
OPSSYS_BD,"2024-02-19 14:00:00.303",2,3,2
OPSSYS_BD,"2024-02-19 14:00:00.303",3,3,2
OPSSYS_BD,"2024-02-19 14:00:00.307",1,265,2
OPSSYS_BD,"2024-02-19 14:00:00.310",2,265,2
OPSSYS_BD,"2024-02-19 14:00:00.310",3,265,2
OPSSYS_BD,"2024-02-19 14:00:00.310",1,6,2
OPSSYS_BD,"2024-02-19 14:00:00.313",2,6,2
OPSSYS_BD,"2024-02-19 14:00:00.317",3,6,2
OPSSYS_BD,"2024-02-19 14:00:00.320",1,8,2
OPSSYS_BD,"2024-02-19 14:00:00.320",2,8,2
OPSSYS_BD,"2024-02-19 14:00:00.323",3,8,2
OPSSYS_BD,"2024-02-19 14:00:00.327",1,268,2
OPSSYS_BD,"2024-02-19 14:00:00.330",2,268,2
OPSSYS_BD,"2024-02-19 14:00:00.330",3,268,2
OPSSYS_BD,"2024-02-19 14:00:00.330",1,269,2
OPSSYS_BD,"2024-02-19 14:00:00.337",2,269,2
OPSSYS_BD,"2024-02-19 14:00:00.337",3,269,2
OPSSYS_BD,"2024-02-19 14:00:00.340",1,271,2
OPSSYS_BD,"2024-02-19 14:00:00.340",2,271,2
OPSSYS_BD,"2024-02-19 14:00:00.343",3,271,2
OPSSYS_BD,"2024-02-19 14:00:00.343",1,56,2
OPSSYS_BD,"2024-02-19 14:00:00.343",2,56,2
OPSSYS_BD,"2024-02-19 14:00:00.347",3,56,2
OPSSYS_BD,"2024-02-19 14:00:00.350",1,272,2
OPSSYS_BD,"2024-02-19 14:00:00.350",2,272,2
OPSSYS_BD,"2024-02-19 14:00:00.350",3,272,2
OPSSYS_BD,"2024-02-19 14:00:00.353",1,16,2
OPSSYS_BD,"2024-02-19 14:00:00.353",2,16,2
OPSSYS_BD,"2024-02-19 14:00:00.357",3,16,2
OPSSYS_BD,"2024-02-19 14:00:00.357",1,273,2
OPSSYS_BD,"2024-02-19 14:00:00.360",2,273,2
OPSSYS_BD,"2024-02-19 14:00:00.360",3,273,2
OPSSYS_BD,"2024-02-19 14:00:00.360",1,275,2
OPSSYS_BD,"2024-02-19 14:00:00.363",2,275,2
OPSSYS_BD,"2024-02-19 14:00:00.363",3,275,2
OPSSYS_BD,"2024-02-19 14:00:00.367",1,278,2
OPSSYS_BD,"2024-02-19 14:00:00.367",2,278,2
OPSSYS_BD,"2024-02-19 14:00:00.367",3,278,2
OPSSYS_BD,"2024-02-19 14:00:00.370",1,57,2
OPSSYS_BD,"2024-02-19 14:00:00.370",2,57,2
OPSSYS_BD,"2024-02-19 14:00:00.370",3,57,2
OPSSYS_BD,"2024-02-19 14:00:00.373",1,280,2
OPSSYS_BD,"2024-02-19 14:00:00.373",2,280,2
OPSSYS_BD,"2024-02-19 14:00:00.377",3,280,2
OPSSYS_BD,"2024-02-19 14:00:00.377",1,24,2
OPSSYS_BD,"2024-02-19 14:00:00.380",2,24,2
OPSSYS_BD,"2024-02-19 14:00:00.380",3,24,2
OPSSYS_BD,"2024-02-19 14:00:00.380",1,281,2
OPSSYS_BD,"2024-02-19 14:00:00.380",2,281,2
OPSSYS_BD,"2024-02-19 14:00:00.383",3,281,2
OPSSYS_BD,"2024-02-19 14:00:00.383",1,284,2
OPSSYS_BD,"2024-02-19 14:00:00.387",2,284,2
OPSSYS_BD,"2024-02-19 14:00:00.387",3,284,2
OPSSYS_BD,"2024-02-19 14:00:00.390",1,287,2
OPSSYS_BD,"2024-02-19 14:00:00.390",2,287,2
OPSSYS_BD,"2024-02-19 14:00:00.390",3,287,2
OPSSYS_BD,"2024-02-19 14:00:00.393",1,28,2
OPSSYS_BD,"2024-02-19 14:00:00.393",2,28,2
OPSSYS_BD,"2024-02-19 14:00:00.397",3,28,2
OPSSYS_BD,"2024-02-19 14:00:00.397",1,29,2
OPSSYS_BD,"2024-02-19 14:00:00.397",2,29,2
OPSSYS_BD,"2024-02-19 14:00:00.400",3,29,2
OPSSYS_BD,"2024-02-19 14:00:00.400",1,65,2
OPSSYS_BD,"2024-02-19 14:00:00.400",2,65,2
OPSSYS_BD,"2024-02-19 14:00:00.403",3,65,2
OPSSYS_BD,"2024-02-19 14:00:00.403",1,32,2
OPSSYS_BD,"2024-02-19 14:00:00.407",2,32,2
OPSSYS_BD,"2024-02-19 14:00:00.407",3,32,2
OPSSYS_BD,"2024-02-19 14:00:00.410",1,297,2
OPSSYS_BD,"2024-02-19 14:00:00.410",2,297,2
OPSSYS_BD,"2024-02-19 14:00:00.410",3,297,2
OPSSYS_BD,"2024-02-19 14:00:00.413",1,302,2
OPSSYS_BD,"2024-02-19 14:00:00.413",2,302,2
OPSSYS_BD,"2024-02-19 14:00:00.417",3,302,2
OPSSYS_BD,"2024-02-19 14:00:00.417",1,35,2
OPSSYS_BD,"2024-02-19 14:00:00.420",2,35,2
OPSSYS_BD,"2024-02-19 14:00:00.420",3,35,2
OPSSYS_BD,"2024-02-19 14:00:00.420",1,309,2
OPSSYS_BD,"2024-02-19 14:00:00.423",2,309,2
OPSSYS_BD,"2024-02-19 14:00:00.423",3,309,2
OPSSYS_BD,"2024-02-19 14:00:00.423",1,40,2
OPSSYS_BD,"2024-02-19 14:00:00.427",2,40,2
OPSSYS_BD,"2024-02-19 14:00:00.427",3,40,2
OPSSYS_BD,"2024-02-19 14:00:00.430",1,42,2
OPSSYS_BD,"2024-02-19 14:00:00.430",2,42,2
OPSSYS_BD,"2024-02-19 14:00:00.430",3,42,2
OPSSYS_BD,"2024-02-19 14:00:00.430",1,48,2
OPSSYS_BD,"2024-02-19 14:00:00.433",2,48,2
OPSSYS_BD,"2024-02-19 14:00:00.433",3,48,2
OPSSYS_BD,"2024-02-19 14:00:00.437",1,49,2
OPSSYS_BD,"2024-02-19 14:00:00.437",2,49,2
OPSSYS_BD,"2024-02-19 14:00:00.437",3,49,2
OPSSYS_BD,"2024-02-19 14:00:00.440",1,50,2
OPSSYS_BD,"2024-02-19 14:00:00.440",2,50,2
OPSSYS_BD,"2024-02-19 14:00:00.440",3,50,2
OPSSYS_BD,"2024-02-19 14:00:00.440",1,59,2
OPSSYS_BD,"2024-02-19 14:00:00.443",2,59,2
OPSSYS_BD,"2024-02-19 14:00:00.443",3,59,2
OPSSYS_BD,"2024-02-19 14:00:00.447",1,60,2
OPSSYS_BD,"2024-02-19 14:00:00.447",2,60,2
OPSSYS_BD,"2024-02-19 14:00:00.450",3,60,2
OPSSYS_BD,"2024-02-19 14:00:00.450",1,70,2
OPSSYS_BD,"2024-02-19 14:00:00.450",2,70,2
OPSSYS_BD,"2024-02-19 14:00:00.450",3,70,2
OPSSYS_BD,"2024-02-19 14:00:00.453",1,72,2
OPSSYS_BD,"2024-02-19 14:00:00.453",2,72,2
OPSSYS_BD,"2024-02-19 14:00:00.453",3,72,2
OPSSYS_BD,"2024-02-19 14:00:00.457",1,77,2
OPSSYS_BD,"2024-02-19 14:00:00.457",2,77,2
OPSSYS_BD,"2024-02-19 14:00:00.460",3,77,2
OPSSYS_BD,"2024-02-19 14:00:00.460",1,78,2
OPSSYS_BD,"2024-02-19 14:00:00.460",2,78,2
OPSSYS_BD,"2024-02-19 14:00:00.463",3,78,2
OPSSYS_BD,"2024-02-19 14:00:00.463",1,79,2
OPSSYS_BD,"2024-02-19 14:00:00.463",2,79,2
OPSSYS_BD,"2024-02-19 14:00:00.467",3,79,2
OPSSYS_BD,"2024-02-19 14:00:00.467",1,85,2
OPSSYS_BD,"2024-02-19 14:00:00.467",2,85,2
OPSSYS_BD,"2024-02-19 14:00:00.470",3,85,2
OPSSYS_BD,"2024-02-19 14:00:00.470",1,86,2
OPSSYS_BD,"2024-02-19 14:00:00.470",2,86,2
OPSSYS_BD,"2024-02-19 14:00:00.473",3,86,2
OPSSYS_BD,"2024-02-19 14:00:00.473",1,90,2
OPSSYS_BD,"2024-02-19 14:00:00.473",2,90,2
OPSSYS_BD,"2024-02-19 14:00:00.477",3,90,2
OPSSYS_BD,"2024-02-19 14:00:00.477",1,92,2
OPSSYS_BD,"2024-02-19 14:00:00.480",2,92,2
OPSSYS_BD,"2024-02-19 14:00:00.480",3,92,2
OPSSYS_BD,"2024-02-19 14:00:00.480",1,97,2
OPSSYS_BD,"2024-02-19 14:00:00.480",2,97,2
OPSSYS_BD,"2024-02-19 14:00:00.483",3,97,2
OPSSYS_BD,"2024-02-19 14:00:00.483",1,263,2
OPSSYS_BD,"2024-02-19 14:00:00.487",2,263,2
OPSSYS_BD,"2024-02-19 14:00:00.487",3,263,2
OPSSYS_BD,"2024-02-19 14:00:00.487",1,288,2
OPSSYS_BD,"2024-02-19 14:00:00.490",2,288,2
OPSSYS_BD,"2024-02-19 14:00:00.490",3,288,2
OPSSYS_BD,"2024-02-19 14:00:00.490",1,274,2
OPSSYS_BD,"2024-02-19 14:00:00.493",2,274,2
OPSSYS_BD,"2024-02-19 14:00:00.493",3,274,2
OPSSYS_BD,"2024-02-19 14:00:00.493",1,289,2
OPSSYS_BD,"2024-02-19 14:00:00.497",2,289,2
OPSSYS_BD,"2024-02-19 14:00:00.497",3,289,2
OPSSYS_BD,"2024-02-19 14:00:00.500",1,292,2
OPSSYS_BD,"2024-02-19 14:00:00.500",2,292,2
OPSSYS_BD,"2024-02-19 14:00:00.500",3,292,2
OPSSYS_BD,"2024-02-19 14:00:00.500",1,293,2
OPSSYS_BD,"2024-02-19 14:00:00.503",2,293,2
OPSSYS_BD,"2024-02-19 14:00:00.503",3,293,2
OPSSYS_BD,"2024-02-19 14:00:00.507",1,296,2
OPSSYS_BD,"2024-02-19 14:00:00.507",2,296,2
OPSSYS_BD,"2024-02-19 14:00:00.507",3,296,2
OPSSYS_BD,"2024-02-19 14:00:00.510",1,300,2
OPSSYS_BD,"2024-02-19 14:00:00.510",2,300,2
OPSSYS_BD,"2024-02-19 14:00:00.510",3,300,2
OPSSYS_BD,"2024-02-19 14:00:00.513",1,306,2
OPSSYS_BD,"2024-02-19 14:00:00.513",2,306,2
OPSSYS_BD,"2024-02-19 14:00:00.517",3,306,2
OPSSYS_BD,"2024-02-19 14:00:00.517",1,114,2
OPSSYS_BD,"2024-02-19 14:00:00.520",2,114,2
OPSSYS_BD,"2024-02-19 14:00:00.520",3,114,2
OPSSYS_BD,"2024-02-19 14:00:00.520",1,328,2
OPSSYS_BD,"2024-02-19 14:00:00.520",2,328,2
OPSSYS_BD,"2024-02-19 14:00:00.523",3,328,2
OPSSYS_BD,"2024-02-19 14:00:00.523",1,117,2
OPSSYS_BD,"2024-02-19 14:00:00.527",2,117,2
OPSSYS_BD,"2024-02-19 14:00:00.527",3,117,2
OPSSYS_BD,"2024-02-19 14:00:00.527",1,118,2
OPSSYS_BD,"2024-02-19 14:00:00.530",2,118,2
OPSSYS_BD,"2024-02-19 14:00:00.530",3,118,2
OPSSYS_BD,"2024-02-19 14:00:00.530",1,124,2
OPSSYS_BD,"2024-02-19 14:00:00.530",2,124,2
OPSSYS_BD,"2024-02-19 14:00:00.533",3,124,2
OPSSYS_BD,"2024-02-19 14:00:00.537",1,356,2
OPSSYS_BD,"2024-02-19 14:00:00.537",2,356,2
OPSSYS_BD,"2024-02-19 14:00:00.537",3,356,2
OPSSYS_BD,"2024-02-19 14:00:00.540",1,39,2
OPSSYS_BD,"2024-02-19 14:00:00.540",2,39,2
OPSSYS_BD,"2024-02-19 14:00:00.540",3,39,2
OPSSYS_BD,"2024-02-19 14:00:00.543",1,44,2
OPSSYS_BD,"2024-02-19 14:00:00.547",2,44,2
OPSSYS_BD,"2024-02-19 14:00:00.550",3,44,2
OPSSYS_BD,"2024-02-19 14:00:00.550",1,45,2
OPSSYS_BD,"2024-02-19 14:00:00.550",2,45,2
OPSSYS_BD,"2024-02-19 14:00:00.550",3,45,2
OPSSYS_BD,"2024-02-19 14:00:00.553",1,359,2
OPSSYS_BD,"2024-02-19 14:00:00.553",2,359,2
OPSSYS_BD,"2024-02-19 14:00:00.557",3,359,2
OPSSYS_BD,"2024-02-19 14:00:00.557",1,313,2
OPSSYS_BD,"2024-02-19 14:00:00.560",2,313,2
OPSSYS_BD,"2024-02-19 14:00:00.560",3,313,2
OPSSYS_BD,"2024-02-19 14:00:00.560",1,128,2
OPSSYS_BD,"2024-02-19 14:00:00.563",2,128,2
OPSSYS_BD,"2024-02-19 14:00:00.563",3,128,2
OPSSYS_BD,"2024-02-19 14:00:00.567",1,129,2
OPSSYS_BD,"2024-02-19 14:00:00.567",2,129,2
OPSSYS_BD,"2024-02-19 14:00:00.570",3,129,2
OPSSYS_BD,"2024-02-19 14:00:00.570",1,314,2
OPSSYS_BD,"2024-02-19 14:00:00.570",2,314,2
OPSSYS_BD,"2024-02-19 14:00:00.573",3,314,2
OPSSYS_BD,"2024-02-19 14:00:00.573",1,315,2
OPSSYS_BD,"2024-02-19 14:00:00.577",2,315,2
OPSSYS_BD,"2024-02-19 14:00:00.580",3,315,2
OPSSYS_BD,"2024-02-19 14:00:00.583",1,360,2
OPSSYS_BD,"2024-02-19 14:00:00.590",2,360,2
OPSSYS_BD,"2024-02-19 14:00:00.590",3,360,2
OPSSYS_BD,"2024-02-19 14:00:00.590",1,361,2
OPSSYS_BD,"2024-02-19 14:00:00.593",2,361,2
OPSSYS_BD,"2024-02-19 14:00:00.593",3,361,2
OPSSYS_BD,"2024-02-19 14:00:00.597",1,137,2
OPSSYS_BD,"2024-02-19 14:00:00.597",2,137,2
OPSSYS_BD,"2024-02-19 14:00:00.600",3,137,2
OPSSYS_BD,"2024-02-19 14:00:00.600",1,139,2
OPSSYS_BD,"2024-02-19 14:00:00.600",2,139,2
OPSSYS_BD,"2024-02-19 14:00:00.603",3,139,2
OPSSYS_BD,"2024-02-19 14:00:00.603",1,140,2
OPSSYS_BD,"2024-02-19 14:00:00.607",2,140,2
OPSSYS_BD,"2024-02-19 14:00:00.607",3,140,2
OPSSYS_BD,"2024-02-19 14:00:00.613",1,141,2
OPSSYS_BD,"2024-02-19 14:00:00.617",2,141,2
OPSSYS_BD,"2024-02-19 14:00:00.617",3,141,2
OPSSYS_BD,"2024-02-19 14:00:00.620",1,144,2
OPSSYS_BD,"2024-02-19 14:00:00.620",2,144,2
OPSSYS_BD,"2024-02-19 14:00:00.620",3,144,2
OPSSYS_BD,"2024-02-19 14:00:00.620",1,158,2
OPSSYS_BD,"2024-02-19 14:00:00.623",2,158,2
OPSSYS_BD,"2024-02-19 14:00:00.623",3,158,2
OPSSYS_BD,"2024-02-19 14:00:00.627",1,168,2
OPSSYS_BD,"2024-02-19 14:00:00.627",2,168,2
OPSSYS_BD,"2024-02-19 14:00:00.630",3,168,2
OPSSYS_BD,"2024-02-19 14:00:00.630",1,145,2
OPSSYS_BD,"2024-02-19 14:00:00.630",2,145,2
OPSSYS_BD,"2024-02-19 14:00:00.633",3,145,2
OPSSYS_BD,"2024-02-19 14:00:00.633",1,146,2
OPSSYS_BD,"2024-02-19 14:00:00.637",2,146,2
OPSSYS_BD,"2024-02-19 14:00:00.637",3,146,2
OPSSYS_BD,"2024-02-19 14:00:00.640",1,283,2
OPSSYS_BD,"2024-02-19 14:00:00.640",2,283,2
OPSSYS_BD,"2024-02-19 14:00:00.643",3,283,2
OPSSYS_BD,"2024-02-19 14:00:00.643",1,310,2
OPSSYS_BD,"2024-02-19 14:00:00.647",2,310,2
OPSSYS_BD,"2024-02-19 14:00:00.647",3,310,2
OPSSYS_BD,"2024-02-19 14:00:00.650",1,316,2
OPSSYS_BD,"2024-02-19 14:00:00.650",2,316,2
OPSSYS_BD,"2024-02-19 14:00:00.650",3,316,2
OPSSYS_BD,"2024-02-19 14:00:00.650",1,319,2
OPSSYS_BD,"2024-02-19 14:00:00.653",2,319,2
OPSSYS_BD,"2024-02-19 14:00:00.653",3,319,2
OPSSYS_BD,"2024-02-19 14:00:00.657",1,178,2
OPSSYS_BD,"2024-02-19 14:00:00.657",2,178,2
OPSSYS_BD,"2024-02-19 14:00:00.660",3,178,2
OPSSYS_BD,"2024-02-19 14:00:00.660",1,180,2
OPSSYS_BD,"2024-02-19 14:00:00.660",2,180,2
OPSSYS_BD,"2024-02-19 14:00:00.663",3,180,2
OPSSYS_BD,"2024-02-19 14:00:00.663",1,181,2
OPSSYS_BD,"2024-02-19 14:00:00.663",2,181,2
OPSSYS_BD,"2024-02-19 14:00:00.667",3,181,2
OPSSYS_BD,"2024-02-19 14:00:00.667",1,196,2
OPSSYS_BD,"2024-02-19 14:00:00.670",2,196,2
OPSSYS_BD,"2024-02-19 14:00:00.670",3,196,2
OPSSYS_BD,"2024-02-19 14:00:00.670",1,200,2
OPSSYS_BD,"2024-02-19 14:00:00.673",2,200,2
OPSSYS_BD,"2024-02-19 14:00:00.673",3,200,2
OPSSYS_BD,"2024-02-19 14:00:00.673",1,201,2
OPSSYS_BD,"2024-02-19 14:00:00.677",2,201,2
OPSSYS_BD,"2024-02-19 14:00:00.677",3,201,2
OPSSYS_BD,"2024-02-19 14:00:00.677",1,202,2
OPSSYS_BD,"2024-02-19 14:00:00.680",2,202,2
OPSSYS_BD,"2024-02-19 14:00:00.680",3,202,2
OPSSYS_BD,"2024-02-19 14:00:00.683",1,206,2
OPSSYS_BD,"2024-02-19 14:00:00.683",2,206,2
OPSSYS_BD,"2024-02-19 14:00:00.683",3,206,2
OPSSYS_BD,"2024-02-19 14:00:00.687",1,210,2
OPSSYS_BD,"2024-02-19 14:00:00.687",2,210,2
OPSSYS_BD,"2024-02-19 14:00:00.690",3,210,2
OPSSYS_BD,"2024-02-19 14:00:00.690",1,211,2
OPSSYS_BD,"2024-02-19 14:00:00.690",2,211,2
OPSSYS_BD,"2024-02-19 14:00:00.693",3,211,2
OPSSYS_BD,"2024-02-19 14:00:00.693",1,214,2
OPSSYS_BD,"2024-02-19 14:00:00.697",2,214,2
OPSSYS_BD,"2024-02-19 14:00:00.697",3,214,2
OPSSYS_BD,"2024-02-19 14:00:00.700",1,221,2
OPSSYS_BD,"2024-02-19 14:00:00.700",2,221,2
OPSSYS_BD,"2024-02-19 14:00:00.700",3,221,2
OPSSYS_BD,"2024-02-19 14:00:00.703",1,223,2
OPSSYS_BD,"2024-02-19 14:00:00.703",2,223,2
OPSSYS_BD,"2024-02-19 14:00:00.703",3,223,2
OPSSYS_BD,"2024-02-19 14:00:00.707",1,225,2
OPSSYS_BD,"2024-02-19 14:00:00.707",2,225,2
OPSSYS_BD,"2024-02-19 14:00:00.707",3,225,2
OPSSYS_BD,"2024-02-19 14:00:00.710",1,226,2
OPSSYS_BD,"2024-02-19 14:00:00.710",2,226,2
OPSSYS_BD,"2024-02-19 14:00:00.710",3,226,2
OPSSYS_BD,"2024-02-19 14:00:00.710",1,227,2
OPSSYS_BD,"2024-02-19 14:00:00.713",2,227,2
OPSSYS_BD,"2024-02-19 14:00:00.713",3,227,2
OPSSYS_BD,"2024-02-19 14:00:00.717",1,228,2
OPSSYS_BD,"2024-02-19 14:00:00.717",2,228,2
OPSSYS_BD,"2024-02-19 14:00:00.717",3,228,2
OPSSYS_BD,"2024-02-19 14:00:00.720",1,230,2
OPSSYS_BD,"2024-02-19 14:00:00.720",2,230,2
OPSSYS_BD,"2024-02-19 14:00:00.720",3,230,2
OPSSYS_BD,"2024-02-19 14:00:00.720",1,232,2
OPSSYS_BD,"2024-02-19 14:00:00.723",2,232,2
OPSSYS_BD,"2024-02-19 14:00:00.730",3,232,2
OPSSYS_BD,"2024-02-19 14:00:00.730",1,233,2
OPSSYS_BD,"2024-02-19 14:00:00.733",2,233,2
OPSSYS_BD,"2024-02-19 14:00:00.737",3,233,2
OPSSYS_BD,"2024-02-19 14:00:00.737",1,235,2
OPSSYS_BD,"2024-02-19 14:00:00.740",2,235,2
OPSSYS_BD,"2024-02-19 14:00:00.740",3,235,2
OPSSYS_BD,"2024-02-19 14:00:00.743",1,236,2
OPSSYS_BD,"2024-02-19 14:00:00.750",2,236,2
OPSSYS_BD,"2024-02-19 14:00:00.753",3,236,2
OPSSYS_BD,"2024-02-19 14:00:00.757",1,237,2
OPSSYS_BD,"2024-02-19 14:00:00.760",2,237,2
OPSSYS_BD,"2024-02-19 14:00:00.760",3,237,2
OPSSYS_BD,"2024-02-19 14:00:00.763",1,239,2
OPSSYS_BD,"2024-02-19 14:00:00.767",2,239,2
OPSSYS_BD,"2024-02-19 14:00:00.770",3,239,2
OPSSYS_BD,"2024-02-19 14:00:00.770",1,240,2
OPSSYS_BD,"2024-02-19 14:00:00.770",2,240,2
OPSSYS_BD,"2024-02-19 14:00:00.773",3,240,2
OPSSYS_BD,"2024-02-19 14:00:00.773",1,243,2
OPSSYS_BD,"2024-02-19 14:00:00.777",2,243,2
OPSSYS_BD,"2024-02-19 14:00:00.777",3,243,2
OPSSYS_BD,"2024-02-19 14:00:00.777",1,244,2
OPSSYS_BD,"2024-02-19 14:00:00.780",2,244,2
OPSSYS_BD,"2024-02-19 14:00:00.780",3,244,2
OPSSYS_BD,"2024-02-19 14:00:00.780",1,245,2
OPSSYS_BD,"2024-02-19 14:00:00.780",2,245,2
OPSSYS_BD,"2024-02-19 14:00:00.783",3,245,2
OPSSYS_BD,"2024-02-19 14:00:00.783",1,246,2
OPSSYS_BD,"2024-02-19 14:00:00.783",2,246,2
OPSSYS_BD,"2024-02-19 14:00:00.787",3,246,2
OPSSYS_BD,"2024-02-19 14:00:00.787",1,249,2
OPSSYS_BD,"2024-02-19 14:00:00.787",2,249,2
OPSSYS_BD,"2024-02-19 14:00:00.790",3,249,2
OPSSYS_BD,"2024-02-19 14:00:00.790",1,250,2
OPSSYS_BD,"2024-02-19 14:00:00.790",2,250,2
OPSSYS_BD,"2024-02-19 14:00:00.793",3,250,2
OPSSYS_BD,"2024-02-19 14:00:00.793",1,251,2
OPSSYS_BD,"2024-02-19 14:00:00.793",2,251,2
OPSSYS_BD,"2024-02-19 14:00:00.797",3,251,2
OPSSYS_BD,"2024-02-19 14:00:00.797",1,252,2
OPSSYS_BD,"2024-02-19 14:00:00.797",2,252,2
OPSSYS_BD,"2024-02-19 14:00:00.800",3,252,2
OPSSYS_BD,"2024-02-19 14:00:00.800",1,261,2
OPSSYS_BD,"2024-02-19 14:00:00.800",2,261,2
OPSSYS_BD,"2024-02-19 14:00:00.803",3,261,2
OPSSYS_BD,"2024-02-19 14:00:00.803",1,307,2
OPSSYS_BD,"2024-02-19 14:00:00.807",2,307,2
OPSSYS_BD,"2024-02-19 14:00:00.810",3,307,2
OPSSYS_BD,"2024-02-19 14:00:00.810",1,311,2
OPSSYS_BD,"2024-02-19 14:00:00.813",2,311,2
OPSSYS_BD,"2024-02-19 14:00:00.813",3,311,2
OPSSYS_BD,"2024-02-19 14:00:00.817",1,312,2
OPSSYS_BD,"2024-02-19 14:00:00.817",2,312,2
OPSSYS_BD,"2024-02-19 14:00:00.820",3,312,2
OPSSYS_BD,"2024-02-19 14:00:00.820",1,317,2
OPSSYS_BD,"2024-02-19 14:00:00.830",2,317,2
OPSSYS_BD,"2024-02-19 14:00:00.830",3,317,2
OPSSYS_BD,"2024-02-19 14:00:00.830",1,174,2
OPSSYS_BD,"2024-02-19 14:00:00.833",2,174,2
OPSSYS_BD,"2024-02-19 14:00:00.833",3,174,2
OPSSYS_BD,"2024-02-19 14:00:00.837",1,185,2
OPSSYS_BD,"2024-02-19 14:00:00.840",2,185,2
OPSSYS_BD,"2024-02-19 14:00:00.840",3,185,2
OPSSYS_BD,"2024-02-19 14:00:00.850",1,191,2
OPSSYS_BD,"2024-02-19 14:00:00.853",2,191,2
OPSSYS_BD,"2024-02-19 14:00:00.857",3,191,2
OPSSYS_BD,"2024-02-19 14:00:00.857",1,231,2
OPSSYS_BD,"2024-02-19 14:00:00.860",2,231,2
OPSSYS_BD,"2024-02-19 14:00:00.860",3,231,2
OPSSYS_BD,"2024-02-19 14:00:00.863",1,318,2
OPSSYS_BD,"2024-02-19 14:00:00.863",2,318,2
OPSSYS_BD,"2024-02-19 14:00:00.867",3,318,2
OPSSYS_BD,"2024-02-19 14:00:00.870",1,321,2
OPSSYS_BD,"2024-02-19 14:00:00.870",2,321,2
OPSSYS_BD,"2024-02-19 14:00:00.870",3,321,2
OPSSYS_BD,"2024-02-19 14:00:00.873",1,242,2
OPSSYS_BD,"2024-02-19 14:00:00.873",2,242,2
OPSSYS_BD,"2024-02-19 14:00:00.877",3,242,2
OPSSYS_BD,"2024-02-19 14:00:00.880",1,248,2
OPSSYS_BD,"2024-02-19 14:00:00.880",2,248,2
OPSSYS_BD,"2024-02-19 14:00:00.880",3,248,2
OPSSYS_BD,"2024-02-19 14:00:00.883",1,253,2
OPSSYS_BD,"2024-02-19 14:00:00.887",2,253,2
OPSSYS_BD,"2024-02-19 14:00:00.887",3,253,2
OPSSYS_BD,"2024-02-19 14:00:00.893",1,254,2
OPSSYS_BD,"2024-02-19 14:00:00.897",2,254,2
OPSSYS_BD,"2024-02-19 14:00:00.897",3,254,2
OPSSYS_BD,"2024-02-19 14:00:00.900",1,255,2
OPSSYS_BD,"2024-02-19 14:00:00.900",2,255,2
OPSSYS_BD,"2024-02-19 14:00:00.903",3,255,2
OPSSYS_BD,"2024-02-19 14:00:00.903",1,322,2
OPSSYS_BD,"2024-02-19 14:00:00.907",2,322,2
OPSSYS_BD,"2024-02-19 14:00:00.927",3,322,2
OPSSYS_BD,"2024-02-19 14:00:00.927",1,258,2
OPSSYS_BD,"2024-02-19 14:00:00.930",2,258,2
OPSSYS_BD,"2024-02-19 14:00:00.933",3,258,2
OPSSYS_BD,"2024-02-19 14:00:00.937",1,324,2
OPSSYS_BD,"2024-02-19 14:00:00.937",2,324,2
OPSSYS_BD,"2024-02-19 14:00:00.940",3,324,2
OPSSYS_BD,"2024-02-19 14:00:00.940",1,325,2
OPSSYS_BD,"2024-02-19 14:00:00.943",2,325,2
OPSSYS_BD,"2024-02-19 14:00:00.950",3,325,2
OPSSYS_BD,"2024-02-19 14:00:00.953",1,326,2
OPSSYS_BD,"2024-02-19 14:00:00.957",2,326,2
OPSSYS_BD,"2024-02-19 14:00:00.957",3,326,2
OPSSYS_BD,"2024-02-19 14:00:00.960",1,333,2
OPSSYS_BD,"2024-02-19 14:00:00.977",2,333,2
OPSSYS_BD,"2024-02-19 14:00:00.980",3,333,2
OPSSYS_BD,"2024-02-19 14:00:00.980",1,334,2
OPSSYS_BD,"2024-02-19 14:00:00.983",2,334,2
OPSSYS_BD,"2024-02-19 14:00:00.983",3,334,2
OPSSYS_BD,"2024-02-19 14:00:00.987",1,336,2
OPSSYS_BD,"2024-02-19 14:00:00.987",2,336,2
OPSSYS_BD,"2024-02-19 14:00:00.990",3,336,2
OPSSYS_BD,"2024-02-19 14:00:00.990",1,337,2
OPSSYS_BD,"2024-02-19 14:00:00.993",2,337,2
OPSSYS_BD,"2024-02-19 14:00:00.997",3,337,2
OPSSYS_BD,"2024-02-19 14:00:00.997",1,338,2
OPSSYS_BD,"2024-02-19 14:00:01.000",2,338,2
OPSSYS_BD,"2024-02-19 14:00:01.000",3,338,2
OPSSYS_BD,"2024-02-19 14:00:01.003",1,341,2
OPSSYS_BD,"2024-02-19 14:00:01.007",2,341,2
OPSSYS_BD,"2024-02-19 14:00:01.007",3,341,2
OPSSYS_BD,"2024-02-19 14:00:01.010",1,342,2
OPSSYS_BD,"2024-02-19 14:00:01.013",2,342,2
OPSSYS_BD,"2024-02-19 14:00:01.013",3,342,2
OPSSYS_BD,"2024-02-19 14:00:01.017",1,344,2
OPSSYS_BD,"2024-02-19 14:00:01.017",2,344,2
OPSSYS_BD,"2024-02-19 14:00:01.017",3,344,2
OPSSYS_BD,"2024-02-19 14:00:01.020",1,345,2
OPSSYS_BD,"2024-02-19 14:00:01.020",2,345,2
OPSSYS_BD,"2024-02-19 14:00:01.020",3,345,2
OPSSYS_BD,"2024-02-19 14:00:01.023",1,346,2
OPSSYS_BD,"2024-02-19 14:00:01.027",2,346,2
OPSSYS_BD,"2024-02-19 14:00:01.030",3,346,2
OPSSYS_BD,"2024-02-19 14:00:01.030",1,347,2
OPSSYS_BD,"2024-02-19 14:00:01.030",2,347,2
OPSSYS_BD,"2024-02-19 14:00:01.033",3,347,2
OPSSYS_BD,"2024-02-19 14:00:01.037",1,348,2
OPSSYS_BD,"2024-02-19 14:00:01.037",2,348,2
OPSSYS_BD,"2024-02-19 14:00:01.040",3,348,2
OPSSYS_BD,"2024-02-19 14:00:01.040",1,352,2
OPSSYS_BD,"2024-02-19 14:00:01.040",2,352,2
OPSSYS_BD,"2024-02-19 14:00:01.043",3,352,2
OPSSYS_BD,"2024-02-19 14:00:01.043",1,354,2
OPSSYS_BD,"2024-02-19 14:00:01.047",2,354,2
OPSSYS_BD,"2024-02-19 14:00:01.047",3,354,2
OPSSYS_BD,"2024-02-19 14:00:01.050",1,355,2
OPSSYS_BD,"2024-02-19 14:00:01.050",2,355,2
OPSSYS_BD,"2024-02-19 14:00:01.053",3,355,2
OPSSYS_BD,"2024-02-19 14:00:01.053",1,362,2
OPSSYS_BD,"2024-02-19 14:00:01.057",2,362,2
OPSSYS_BD,"2024-02-19 14:00:01.057",3,362,2
OPSSYS_BD,"2024-02-19 14:00:01.060",1,363,2
OPSSYS_BD,"2024-02-19 14:00:01.060",2,363,2
OPSSYS_BD,"2024-02-19 14:00:01.060",3,363,2
OPSSYS_BD,"2024-02-19 14:00:01.063",1,365,2
OPSSYS_BD,"2024-02-19 14:00:01.063",2,365,2
OPSSYS_BD,"2024-02-19 14:00:01.067",3,365,2
OPSSYS_BD,"2024-02-19 14:00:01.067",1,373,2
OPSSYS_BD,"2024-02-19 14:00:01.070",2,373,2
OPSSYS_BD,"2024-02-19 14:00:01.070",3,373,2
OPSSYS_BD,"2024-02-19 14:00:01.073",1,330,2
OPSSYS_BD,"2024-02-19 14:00:01.073",2,330,2
OPSSYS_BD,"2024-02-19 14:00:01.077",3,330,2
OPSSYS_BD,"2024-02-19 14:00:01.077",1,331,2
OPSSYS_BD,"2024-02-19 14:00:01.080",2,331,2
OPSSYS_BD,"2024-02-19 14:00:01.080",3,331,2
OPSSYS_BD,"2024-02-19 14:00:01.083",1,332,2
OPSSYS_BD,"2024-02-19 14:00:01.087",2,332,2
OPSSYS_BD,"2024-02-19 14:00:01.090",3,332,2
OPSSYS_BD,"2024-02-19 14:00:01.090",1,335,2
OPSSYS_BD,"2024-02-19 14:00:01.093",2,335,2
OPSSYS_BD,"2024-02-19 14:00:01.093",3,335,2
OPSSYS_BD,"2024-02-19 14:00:01.097",1,209,2
OPSSYS_BD,"2024-02-19 14:00:01.097",2,209,2
OPSSYS_BD,"2024-02-19 14:00:01.100",3,209,2
OPSSYS_BD,"2024-02-19 14:00:01.100",1,260,2
OPSSYS_BD,"2024-02-19 14:00:01.100",2,260,2
OPSSYS_BD,"2024-02-19 14:00:01.103",3,260,2
OPSSYS_BD,"2024-02-19 14:00:01.103",1,339,2
OPSSYS_BD,"2024-02-19 14:00:01.107",2,339,2
OPSSYS_BD,"2024-02-19 14:00:01.107",3,339,2
OPSSYS_BD,"2024-02-19 14:00:01.107",1,343,2
OPSSYS_BD,"2024-02-19 14:00:01.110",2,343,2
OPSSYS_BD,"2024-02-19 14:00:01.113",3,343,2
OPSSYS_BD,"2024-02-19 14:00:01.117",1,349,2
OPSSYS_BD,"2024-02-19 14:00:01.120",2,349,2
OPSSYS_BD,"2024-02-19 14:00:01.120",3,349,2
OPSSYS_BD,"2024-02-19 14:00:01.123",1,351,2
OPSSYS_BD,"2024-02-19 14:00:01.123",2,351,2
OPSSYS_BD,"2024-02-19 14:00:01.127",3,351,2
OPSSYS_BD,"2024-02-19 14:00:01.127",1,357,2
OPSSYS_BD,"2024-02-19 14:00:01.127",2,357,2
OPSSYS_BD,"2024-02-19 14:00:01.130",3,357,2
OPSSYS_BD,"2024-02-19 14:00:01.130",1,358,2
OPSSYS_BD,"2024-02-19 14:00:01.133",2,358,2
OPSSYS_BD,"2024-02-19 14:00:01.133",3,358,2
OPSSYS_BD,"2024-02-19 14:00:01.137",1,366,2
OPSSYS_BD,"2024-02-19 14:00:01.137",2,366,2
OPSSYS_BD,"2024-02-19 14:00:01.137",3,366,2
OPSSYS_BD,"2024-02-19 14:00:01.140",1,374,2
OPSSYS_BD,"2024-02-19 14:00:01.140",2,374,2
OPSSYS_BD,"2024-02-19 14:00:01.140",3,374,2
OPSSYS_BD,"2024-02-19 14:00:01.143",1,398,2
OPSSYS_BD,"2024-02-19 14:00:01.143",2,398,2
OPSSYS_BD,"2024-02-19 14:00:01.150",3,398,2
OPSSYS_BD,"2024-02-19 14:00:01.160",1,399,2
OPSSYS_BD,"2024-02-19 14:00:01.167",2,399,2
OPSSYS_BD,"2024-02-19 14:00:01.170",3,399,2
OPSSYS_BD,"2024-02-19 14:00:01.170",1,400,2
OPSSYS_BD,"2024-02-19 14:00:01.173",2,400,2
OPSSYS_BD,"2024-02-19 14:00:01.173",3,400,2
OPSSYS_BD,"2024-02-19 14:00:01.177",1,401,2
OPSSYS_BD,"2024-02-19 14:00:01.177",2,401,2
OPSSYS_BD,"2024-02-19 14:00:01.177",3,401,2
OPSSYS_BD,"2024-02-19 14:00:01.180",1,402,2
OPSSYS_BD,"2024-02-19 14:00:01.180",2,402,2
OPSSYS_BD,"2024-02-19 14:00:01.187",3,402,2
OPSSYS_BD,"2024-02-19 14:00:01.187",1,403,2
OPSSYS_BD,"2024-02-19 14:00:01.190",2,403,2
OPSSYS_BD,"2024-02-19 14:00:01.190",3,403,2
OPSSYS_BD,"2024-02-19 14:00:01.193",1,404,2
OPSSYS_BD,"2024-02-19 14:00:01.193",2,404,2
OPSSYS_BD,"2024-02-19 14:00:01.197",3,404,2
OPSSYS_BD,"2024-02-19 14:00:01.197",1,405,2
OPSSYS_BD,"2024-02-19 14:00:01.200",2,405,2
OPSSYS_BD,"2024-02-19 14:00:01.200",3,405,2
OPSSYS_BD,"2024-02-19 14:00:01.203",1,406,2
OPSSYS_BD,"2024-02-19 14:00:01.203",2,406,2
OPSSYS_BD,"2024-02-19 14:00:01.207",3,406,2
OPSSYS_BD,"2024-02-19 14:00:01.207",1,407,2
OPSSYS_BD,"2024-02-19 14:00:01.210",2,407,2
OPSSYS_BD,"2024-02-19 14:00:01.210",3,407,2
OPSSYS_BD,"2024-02-19 14:00:01.220",1,408,2
OPSSYS_BD,"2024-02-19 14:00:01.320",2,408,2
OPSSYS_BD,"2024-02-19 14:00:01.320",3,408,2
OPSSYS_BD,"2024-02-19 14:00:01.323",1,409,2
OPSSYS_BD,"2024-02-19 14:00:01.327",2,409,2
OPSSYS_BD,"2024-02-19 14:00:01.330",3,409,2
OPSSYS_BD,"2024-02-19 14:00:01.330",1,410,2
OPSSYS_BD,"2024-02-19 14:00:01.333",2,410,2
OPSSYS_BD,"2024-02-19 14:00:01.337",3,410,2
OPSSYS_BD,"2024-02-19 14:00:01.337",1,411,2
OPSSYS_BD,"2024-02-19 14:00:01.340",2,411,2
OPSSYS_BD,"2024-02-19 14:00:01.343",3,411,2
OPSSYS_BD,"2024-02-19 14:00:01.347",1,412,2
OPSSYS_BD,"2024-02-19 14:00:01.350",2,412,2
OPSSYS_BD,"2024-02-19 14:00:01.353",3,412,2
OPSSYS_BD,"2024-02-19 14:00:01.363",1,413,2
OPSSYS_BD,"2024-02-19 14:00:01.363",2,413,2
OPSSYS_BD,"2024-02-19 14:00:01.367",3,413,2
OPSSYS_BD,"2024-02-19 14:00:01.367",1,414,2
OPSSYS_BD,"2024-02-19 14:00:01.370",2,414,2
OPSSYS_BD,"2024-02-19 14:00:01.373",3,414,2
OPSSYS_BD,"2024-02-19 14:00:01.373",1,415,2
OPSSYS_BD,"2024-02-19 14:00:01.373",2,415,2
OPSSYS_BD,"2024-02-19 14:00:01.377",3,415,2
OPSSYS_BD,"2024-02-19 14:00:01.377",1,416,2
OPSSYS_BD,"2024-02-19 14:00:01.377",2,416,2
OPSSYS_BD,"2024-02-19 14:00:01.380",3,416,2
OPSSYS_BD,"2024-02-19 14:00:01.380",1,417,2
OPSSYS_BD,"2024-02-19 14:00:01.380",2,417,2
OPSSYS_BD,"2024-02-19 14:00:01.383",3,417,2
OPSSYS_BD,"2024-02-19 14:00:01.383",1,419,2
OPSSYS_BD,"2024-02-19 14:00:01.387",2,419,2
OPSSYS_BD,"2024-02-19 14:00:01.400",3,419,2
OPSSYS_BD,"2024-02-19 14:00:01.400",1,420,2
OPSSYS_BD,"2024-02-19 14:00:01.403",2,420,2
OPSSYS_BD,"2024-02-19 14:00:01.403",3,420,2
OPSSYS_BD,"2024-02-19 14:00:01.403",1,421,2
OPSSYS_BD,"2024-02-19 14:00:01.407",2,421,2
OPSSYS_BD,"2024-02-19 14:00:01.407",3,421,2
OPSSYS_BD,"2024-02-19 14:00:01.413",1,422,2
OPSSYS_BD,"2024-02-19 14:00:01.450",2,422,2
OPSSYS_BD,"2024-02-19 14:00:01.453",3,422,2
OPSSYS_BD,"2024-02-19 14:00:01.453",1,424,2
OPSSYS_BD,"2024-02-19 14:00:01.457",2,424,2
OPSSYS_BD,"2024-02-19 14:00:01.460",3,424,2
OPSSYS_BD,"2024-02-19 14:00:01.460",1,425,2
OPSSYS_BD,"2024-02-19 14:00:01.463",2,425,2
OPSSYS_BD,"2024-02-19 14:00:01.467",3,425,2
OPSSYS_BD,"2024-02-19 14:00:01.467",1,428,2
OPSSYS_BD,"2024-02-19 14:00:01.470",2,428,2
OPSSYS_BD,"2024-02-19 14:00:01.473",3,428,2
OPSSYS_BD,"2024-02-19 14:00:01.477",1,10429,2
OPSSYS_BD,"2024-02-19 14:00:01.477",2,10429,2
OPSSYS_BD,"2024-02-19 14:00:01.477",3,10429,2
OPSSYS_BD,"2024-02-19 14:00:01.480",1,10431,2
OPSSYS_BD,"2024-02-19 14:00:01.480",2,10431,2
OPSSYS_BD,"2024-02-19 14:00:01.483",3,10431,2
OPSSYS_BD,"2024-02-19 14:00:01.490",1,10432,2
OPSSYS_BD,"2024-02-19 14:00:01.490",2,10432,2
OPSSYS_BD,"2024-02-19 14:00:01.490",3,10432,2
OPSSYS_BD,"2024-02-19 14:00:01.493",1,187,2
OPSSYS_BD,"2024-02-19 14:00:01.493",2,187,2
OPSSYS_BD,"2024-02-19 14:00:01.497",3,187,2
OPSSYS_BD,"2024-02-19 14:00:01.497",1,270,2
OPSSYS_BD,"2024-02-19 14:00:01.500",2,270,2
OPSSYS_BD,"2024-02-19 14:00:01.500",3,270,2
OPSSYS_BD,"2024-02-19 14:00:01.503",1,353,2
OPSSYS_BD,"2024-02-19 14:00:01.503",2,353,2
OPSSYS_BD,"2024-02-19 14:00:01.507",3,353,2
OPSSYS_BD,"2024-02-19 14:00:01.510",1,367,2
OPSSYS_BD,"2024-02-19 14:00:01.510",2,367,2
OPSSYS_BD,"2024-02-19 14:00:01.510",3,367,2
OPSSYS_BD,"2024-02-19 14:00:01.513",1,375,2
OPSSYS_BD,"2024-02-19 14:00:01.517",2,375,2
OPSSYS_BD,"2024-02-19 14:00:01.517",3,375,2
OPSSYS_BD,"2024-02-19 14:00:01.520",1,426,2
OPSSYS_BD,"2024-02-19 14:00:01.520",2,426,2
OPSSYS_BD,"2024-02-19 14:00:01.523",3,426,2
OPSSYS_BD,"2024-02-19 14:00:01.527",1,429,2
OPSSYS_BD,"2024-02-19 14:00:01.533",2,429,2
OPSSYS_BD,"2024-02-19 14:00:01.547",3,429,2
OPSSYS_BD,"2024-02-19 14:00:01.567",1,430,2
OPSSYS_BD,"2024-02-19 14:00:01.570",2,430,2
OPSSYS_BD,"2024-02-19 14:00:01.570",3,430,2
OPSSYS_BD,"2024-02-19 14:00:01.573",1,10430,2
OPSSYS_BD,"2024-02-19 14:00:01.573",2,10430,2
OPSSYS_BD,"2024-02-19 14:00:01.577",3,10430,2
OPSSYS_BD,"2024-02-19 14:00:01.580",1,10433,2
OPSSYS_BD,"2024-02-19 14:00:01.580",2,10433,2
OPSSYS_BD,"2024-02-19 14:00:01.583",3,10433,2
OPSSYS_BD,"2024-02-19 14:00:01.587",1,10435,2
OPSSYS_BD,"2024-02-19 14:00:01.587",2,10435,2
OPSSYS_BD,"2024-02-19 14:00:01.590",3,10435,2
OPSSYS_BD,"2024-02-19 14:00:01.590",1,10436,2
OPSSYS_BD,"2024-02-19 14:00:01.593",2,10436,2
OPSSYS_BD,"2024-02-19 14:00:01.593",3,10436,2
OPSSYS_BD,"2024-02-19 14:00:01.597",1,10437,2
OPSSYS_BD,"2024-02-19 14:00:01.597",2,10437,2
OPSSYS_BD,"2024-02-19 14:00:01.600",3,10437,2
OPSSYS_BD,"2024-02-19 14:00:01.600",1,10438,2
OPSSYS_BD,"2024-02-19 14:00:01.603",2,10438,2
OPSSYS_BD,"2024-02-19 14:00:01.603",3,10438,2
OPSSYS_BD,"2024-02-19 14:00:01.607",1,10439,2
OPSSYS_BD,"2024-02-19 14:00:01.607",2,10439,2
OPSSYS_BD,"2024-02-19 14:00:01.610",3,10439,2
OPSSYS_BD,"2024-02-19 14:00:01.610",1,10440,2
OPSSYS_BD,"2024-02-19 14:00:01.613",2,10440,2
OPSSYS_BD,"2024-02-19 14:00:01.617",3,10440,2
OPSSYS_BD,"2024-02-19 14:00:01.617",1,10441,2
OPSSYS_BD,"2024-02-19 14:00:01.620",2,10441,2
OPSSYS_BD,"2024-02-19 14:00:01.620",3,10441,2
OPSSYS_BD,"2024-02-19 14:00:01.620",1,10442,2
OPSSYS_BD,"2024-02-19 14:00:01.627",2,10442,2
OPSSYS_BD,"2024-02-19 14:00:01.627",3,10442,2
OPSSYS_BD,"2024-02-19 14:00:01.630",1,10443,2
OPSSYS_BD,"2024-02-19 14:00:01.637",2,10443,2
OPSSYS_BD,"2024-02-19 14:00:01.653",3,10443,2
OPSSYS_BD,"2024-02-19 14:00:01.657",1,10444,2
OPSSYS_BD,"2024-02-19 14:00:01.657",2,10444,2
OPSSYS_BD,"2024-02-19 14:00:01.663",3,10444,2
OPSSYS_BD,"2024-02-19 14:00:01.663",1,10445,2
OPSSYS_BD,"2024-02-19 14:00:01.667",2,10445,2
OPSSYS_BD,"2024-02-19 14:00:01.667",3,10445,2
OPSSYS_BD,"2024-02-19 14:00:01.670",1,10450,2
OPSSYS_BD,"2024-02-19 14:00:01.670",2,10450,2
OPSSYS_BD,"2024-02-19 14:00:01.673",3,10450,2
OPSSYS_BD,"2024-02-19 14:00:01.677",1,10451,2
OPSSYS_BD,"2024-02-19 14:00:01.683",2,10451,2
OPSSYS_BD,"2024-02-19 14:00:01.687",3,10451,2
OPSSYS_BD,"2024-02-19 14:00:01.687",1,10452,2
OPSSYS_BD,"2024-02-19 14:00:01.690",2,10452,2
OPSSYS_BD,"2024-02-19 14:00:01.693",3,10452,2
OPSSYS_BD,"2024-02-19 14:00:01.693",1,10453,2
OPSSYS_BD,"2024-02-19 14:00:01.697",2,10453,2
OPSSYS_BD,"2024-02-19 14:00:01.697",3,10453,2
OPSSYS_BD,"2024-02-19 14:00:01.697",1,10454,2
OPSSYS_BD,"2024-02-19 14:00:01.700",2,10454,2
OPSSYS_BD,"2024-02-19 14:00:01.700",3,10454,2
OPSSYS_BD,"2024-02-19 14:00:01.700",1,10459,2
OPSSYS_BD,"2024-02-19 14:00:01.703",2,10459,2
OPSSYS_BD,"2024-02-19 14:00:01.703",3,10459,2
OPSSYS_BD,"2024-02-19 14:00:01.707",1,10460,2
OPSSYS_BD,"2024-02-19 14:00:01.707",2,10460,2
OPSSYS_BD,"2024-02-19 14:00:01.710",3,10460,2
OPSSYS_BD,"2024-02-19 14:00:01.713",1,10461,2
OPSSYS_BD,"2024-02-19 14:00:01.723",2,10461,2
OPSSYS_BD,"2024-02-19 14:00:01.727",3,10461,2
OPSSYS_BD,"2024-02-19 14:00:01.730",1,10462,2
OPSSYS_BD,"2024-02-19 14:00:01.733",2,10462,2
OPSSYS_BD,"2024-02-19 14:00:01.733",3,10462,2
OPSSYS_BD,"2024-02-19 14:00:01.737",1,10463,2
OPSSYS_BD,"2024-02-19 14:00:01.740",2,10463,2
OPSSYS_BD,"2024-02-19 14:00:01.803",3,10463,2
OPSSYS_BD,"2024-02-19 14:00:01.810",1,10464,2
OPSSYS_BD,"2024-02-19 14:00:01.850",2,10464,2
OPSSYS_BD,"2024-02-19 14:00:01.860",3,10464,2
OPSSYS_BD,"2024-02-19 14:00:01.860",1,10465,2
OPSSYS_BD,"2024-02-19 14:00:01.860",2,10465,2
OPSSYS_BD,"2024-02-19 14:00:01.863",3,10465,2
OPSSYS_BD,"2024-02-19 14:00:01.863",1,10468,2
OPSSYS_BD,"2024-02-19 14:00:01.867",2,10468,2
OPSSYS_BD,"2024-02-19 14:00:01.867",3,10468,2
OPSSYS_BD,"2024-02-19 14:00:01.870",1,10469,2
OPSSYS_BD,"2024-02-19 14:00:01.873",2,10469,2
OPSSYS_BD,"2024-02-19 14:00:01.873",3,10469,2
OPSSYS_BD,"2024-02-19 14:00:01.880",1,10470,2
OPSSYS_BD,"2024-02-19 14:00:01.880",2,10470,2
OPSSYS_BD,"2024-02-19 14:00:01.883",3,10470,2
OPSSYS_BD,"2024-02-19 14:00:01.913",1,10471,2
OPSSYS_BD,"2024-02-19 14:00:01.940",2,10471,2
OPSSYS_BD,"2024-02-19 14:00:01.983",3,10471,2
OPSSYS_BD,"2024-02-19 14:00:02.010",1,10472,2
OPSSYS_BD,"2024-02-19 14:00:02.020",2,10472,2
OPSSYS_BD,"2024-02-19 14:00:02.030",3,10472,2
OPSSYS_BD,"2024-02-19 14:00:02.043",1,10473,2
OPSSYS_BD,"2024-02-19 14:00:02.053",2,10473,2
OPSSYS_BD,"2024-02-19 14:00:02.070",3,10473,2
OPSSYS_BD,"2024-02-19 14:00:02.083",1,10474,2
OPSSYS_BD,"2024-02-19 14:00:02.120",2,10474,2
OPSSYS_BD,"2024-02-19 14:00:02.133",3,10474,2
OPSSYS_BD,"2024-02-19 14:00:02.147",1,193,2
OPSSYS_BD,"2024-02-19 14:00:02.170",2,193,2
OPSSYS_BD,"2024-02-19 14:00:02.307",3,193,2
OPSSYS_BD,"2024-02-19 14:00:02.313",1,194,2
OPSSYS_BD,"2024-02-19 14:00:02.337",2,194,2
OPSSYS_BD,"2024-02-19 14:00:02.413",3,194,2
OPSSYS_BD,"2024-02-19 14:00:02.437",1,277,2
OPSSYS_BD,"2024-02-19 14:00:02.450",2,277,2
OPSSYS_BD,"2024-02-19 14:00:02.457",3,277,2
OPSSYS_BD,"2024-02-19 14:00:02.467",1,285,2
OPSSYS_BD,"2024-02-19 14:00:02.510",2,285,2
OPSSYS_BD,"2024-02-19 14:00:02.523",3,285,2
OPSSYS_BD,"2024-02-19 14:00:02.537",1,286,2
OPSSYS_BD,"2024-02-19 14:00:02.547",2,286,2
OPSSYS_BD,"2024-02-19 14:00:02.580",3,286,2
OPSSYS_BD,"2024-02-19 14:00:02.590",1,320,2
OPSSYS_BD,"2024-02-19 14:00:02.620",2,320,2
OPSSYS_BD,"2024-02-19 14:00:02.633",3,320,2
OPSSYS_BD,"2024-02-19 14:00:02.660",1,10466,2
OPSSYS_BD,"2024-02-19 14:00:02.663",2,10466,2
OPSSYS_BD,"2024-02-19 14:00:02.663",3,10466,2
OPSSYS_BD,"2024-02-19 14:00:02.667",1,10467,2
OPSSYS_BD,"2024-02-19 14:00:02.667",2,10467,2
OPSSYS_BD,"2024-02-19 14:00:02.670",3,10467,2
OPSSYS_BD,"2024-02-19 14:00:02.670",1,10475,2
OPSSYS_BD,"2024-02-19 14:00:02.670",2,10475,2
OPSSYS_BD,"2024-02-19 14:00:02.673",3,10475,2
OPSSYS_BD,"2024-02-19 14:00:02.673",1,10477,2
OPSSYS_BD,"2024-02-19 14:00:02.677",2,10477,2
OPSSYS_BD,"2024-02-19 14:00:02.680",3,10477,2
OPSSYS_BD,"2024-02-19 14:00:02.700",1,372,2
OPSSYS_BD,"2024-02-19 14:00:02.713",2,372,2
OPSSYS_BD,"2024-02-19 14:00:02.740",3,372,2
OPSSYS_BD,"2024-02-19 14:00:02.743",1,418,2
OPSSYS_BD,"2024-02-19 14:00:02.747",2,418,2
OPSSYS_BD,"2024-02-19 14:00:02.747",3,418,2
OPSSYS_BD,"2024-02-19 14:00:02.747",1,423,2
OPSSYS_BD,"2024-02-19 14:00:02.750",2,423,2
OPSSYS_BD,"2024-02-19 14:00:02.763",3,423,2
OPSSYS_BD,"2024-02-19 14:00:02.767",1,427,2
OPSSYS_BD,"2024-02-19 14:00:02.770",2,427,2
OPSSYS_BD,"2024-02-19 14:00:02.803",3,427,2
OPSSYS_BD,"2024-02-19 14:00:02.803",1,10455,2
OPSSYS_BD,"2024-02-19 14:00:02.807",2,10455,2
OPSSYS_BD,"2024-02-19 14:00:02.807",3,10455,2
OPSSYS_BD,"2024-02-19 14:00:02.810",1,10478,2
OPSSYS_BD,"2024-02-19 14:00:02.813",2,10478,2
OPSSYS_BD,"2024-02-19 14:00:02.813",3,10478,2
OPSSYS_BD,"2024-02-19 14:00:02.813",1,10479,2
OPSSYS_BD,"2024-02-19 14:00:02.817",2,10479,2
OPSSYS_BD,"2024-02-19 14:00:02.820",3,10479,2
OPSSYS_BD,"2024-02-19 14:00:02.820",1,10481,2
OPSSYS_BD,"2024-02-19 14:00:02.820",2,10481,2
OPSSYS_BD,"2024-02-19 14:00:02.827",3,10481,2
OPSSYS_BD,"2024-02-19 14:00:02.840",1,10482,2
OPSSYS_BD,"2024-02-19 14:00:02.840",2,10482,2
OPSSYS_BD,"2024-02-19 14:00:02.847",3,10482,2
OPSSYS_BD,"2024-02-19 14:00:02.850",1,10483,2
OPSSYS_BD,"2024-02-19 14:00:02.853",2,10483,2
OPSSYS_BD,"2024-02-19 14:00:02.857",3,10483,2
OPSSYS_BD,"2024-02-19 14:00:02.867",1,10484,2
OPSSYS_BD,"2024-02-19 14:00:02.870",2,10484,2
OPSSYS_BD,"2024-02-19 14:00:02.887",3,10484,2
OPSSYS_BD,"2024-02-19 14:00:02.887",1,10487,2
OPSSYS_BD,"2024-02-19 14:00:02.890",2,10487,2
OPSSYS_BD,"2024-02-19 14:00:02.890",3,10487,2
OPSSYS_BD,"2024-02-19 14:00:02.903",1,10489,2
OPSSYS_BD,"2024-02-19 14:00:02.920",2,10489,2
OPSSYS_BD,"2024-02-19 14:00:02.923",3,10489,2
OPSSYS_BD,"2024-02-19 14:00:02.927",1,10493,2
OPSSYS_BD,"2024-02-19 14:00:02.927",2,10493,2
OPSSYS_BD,"2024-02-19 14:00:02.930",3,10493,2
OPSSYS_BD,"2024-02-19 14:00:02.930",1,10494,2
OPSSYS_BD,"2024-02-19 14:00:02.930",2,10494,2
OPSSYS_BD,"2024-02-19 14:00:02.933",3,10494,2
OPSSYS_BD,"2024-02-19 14:00:02.940",1,10495,2
OPSSYS_BD,"2024-02-19 14:00:02.953",2,10495,2
OPSSYS_BD,"2024-02-19 14:00:02.953",3,10495,2
OPSSYS_BD,"2024-02-19 14:00:02.957",1,10496,2
OPSSYS_BD,"2024-02-19 14:00:02.957",2,10496,2
OPSSYS_BD,"2024-02-19 14:00:02.960",3,10496,2
OPSSYS_BD,"2024-02-19 14:00:02.960",1,10497,2
OPSSYS_BD,"2024-02-19 14:00:02.960",2,10497,2
OPSSYS_BD,"2024-02-19 14:00:02.963",3,10497,2
OPSSYS_BD,"2024-02-19 14:00:02.987",1,10499,2
OPSSYS_BD,"2024-02-19 14:00:02.987",2,10499,2
OPSSYS_BD,"2024-02-19 14:00:02.987",3,10499,2
OPSSYS_BD,"2024-02-19 14:00:03.020",1,10500,2
OPSSYS_BD,"2024-02-19 14:00:03.033",2,10500,2
OPSSYS_BD,"2024-02-19 14:00:03.053",3,10500,2
OPSSYS_BD,"2024-02-19 14:00:03.070",1,10501,2
OPSSYS_BD,"2024-02-19 14:00:03.097",2,10501,2
OPSSYS_BD,"2024-02-19 14:00:03.130",3,10501,2
OPSSYS_BD,"2024-02-19 14:00:03.170",1,10511,2
OPSSYS_BD,"2024-02-19 14:00:03.190",2,10511,2
OPSSYS_BD,"2024-02-19 14:00:03.217",3,10511,2
OPSSYS_BD,"2024-02-19 14:00:03.237",1,10512,2
OPSSYS_BD,"2024-02-19 14:00:03.257",2,10512,2
OPSSYS_BD,"2024-02-19 14:00:03.270",3,10512,2
OPSSYS_BD,"2024-02-19 14:00:03.287",1,10513,2
OPSSYS_BD,"2024-02-19 14:00:03.297",2,10513,2
OPSSYS_BD,"2024-02-19 14:00:03.307",3,10513,2
OPSSYS_BD,"2024-02-19 14:00:03.330",1,364,2
OPSSYS_BD,"2024-02-19 14:00:03.347",2,364,2
OPSSYS_BD,"2024-02-19 14:00:03.353",3,364,2
OPSSYS_BD,"2024-02-19 14:00:03.370",1,10485,2
OPSSYS_BD,"2024-02-19 14:00:03.380",2,10485,2
OPSSYS_BD,"2024-02-19 14:00:03.407",3,10485,2
OPSSYS_BD,"2024-02-19 14:00:03.420",1,238,2
OPSSYS_BD,"2024-02-19 14:00:03.430",2,238,2
OPSSYS_BD,"2024-02-19 14:00:03.443",3,238,2
OPSSYS_BD,"2024-02-19 14:00:03.460",1,10502,2
OPSSYS_BD,"2024-02-19 14:00:03.483",2,10502,2
OPSSYS_BD,"2024-02-19 14:00:03.510",3,10502,2
OPSSYS_BD,"2024-02-19 14:00:03.520",1,290,2
OPSSYS_BD,"2024-02-19 14:00:03.530",2,290,2
OPSSYS_BD,"2024-02-19 14:00:03.540",3,290,2
OPSSYS_BD,"2024-02-19 14:00:03.553",1,298,2
OPSSYS_BD,"2024-02-19 14:00:03.563",2,298,2
OPSSYS_BD,"2024-02-19 14:00:03.573",3,298,2
OPSSYS_BD,"2024-02-19 14:00:03.583",1,303,2
OPSSYS_BD,"2024-02-19 14:00:03.617",2,303,2
OPSSYS_BD,"2024-02-19 14:00:03.620",3,303,2
OPSSYS_BD,"2024-02-19 14:00:03.623",1,327,2
OPSSYS_BD,"2024-02-19 14:00:03.627",2,327,2
OPSSYS_BD,"2024-02-19 14:00:03.633",3,327,2
OPSSYS_BD,"2024-02-19 14:00:03.633",1,305,2
OPSSYS_BD,"2024-02-19 14:00:03.637",2,305,2
OPSSYS_BD,"2024-02-19 14:00:03.637",3,305,2
OPSSYS_BD,"2024-02-19 14:00:03.640",1,329,2
OPSSYS_BD,"2024-02-19 14:00:03.647",2,329,2
OPSSYS_BD,"2024-02-19 14:00:03.657",3,329,2
OPSSYS_BD,"2024-02-19 14:00:03.657",1,350,2
OPSSYS_BD,"2024-02-19 14:00:03.663",2,350,2
OPSSYS_BD,"2024-02-19 14:00:03.667",3,350,2
OPSSYS_BD,"2024-02-19 14:00:03.670",1,377,2
OPSSYS_BD,"2024-02-19 14:00:03.670",2,377,2
OPSSYS_BD,"2024-02-19 14:00:03.670",3,377,2
OPSSYS_BD,"2024-02-19 14:00:03.680",1,378,2
OPSSYS_BD,"2024-02-19 14:00:03.687",2,378,2
OPSSYS_BD,"2024-02-19 14:00:03.690",3,378,2
OPSSYS_BD,"2024-02-19 14:00:03.690",1,379,2
OPSSYS_BD,"2024-02-19 14:00:03.690",2,379,2
OPSSYS_BD,"2024-02-19 14:00:03.693",3,379,2
OPSSYS_BD,"2024-02-19 14:00:03.693",1,380,2
OPSSYS_BD,"2024-02-19 14:00:03.697",2,380,2
OPSSYS_BD,"2024-02-19 14:00:03.700",3,380,2
OPSSYS_BD,"2024-02-19 14:00:03.700",1,381,2
OPSSYS_BD,"2024-02-19 14:00:03.720",2,381,2
OPSSYS_BD,"2024-02-19 14:00:03.727",3,381,2
OPSSYS_BD,"2024-02-19 14:00:03.730",1,382,2
OPSSYS_BD,"2024-02-19 14:00:03.743",2,382,2
OPSSYS_BD,"2024-02-19 14:00:03.763",3,382,2
OPSSYS_BD,"2024-02-19 14:00:03.767",1,383,2
OPSSYS_BD,"2024-02-19 14:00:03.770",2,383,2
OPSSYS_BD,"2024-02-19 14:00:03.770",3,383,2
OPSSYS_BD,"2024-02-19 14:00:03.773",1,384,2
OPSSYS_BD,"2024-02-19 14:00:03.777",2,384,2
OPSSYS_BD,"2024-02-19 14:00:03.780",3,384,2
OPSSYS_BD,"2024-02-19 14:00:03.780",1,385,2
OPSSYS_BD,"2024-02-19 14:00:03.780",2,385,2
OPSSYS_BD,"2024-02-19 14:00:03.783",3,385,2
OPSSYS_BD,"2024-02-19 14:00:03.783",1,10480,2
OPSSYS_BD,"2024-02-19 14:00:03.787",2,10480,2
OPSSYS_BD,"2024-02-19 14:00:03.793",3,10480,2
OPSSYS_BD,"2024-02-19 14:00:03.797",1,387,2
OPSSYS_BD,"2024-02-19 14:00:03.797",2,387,2
OPSSYS_BD,"2024-02-19 14:00:03.803",3,387,2
OPSSYS_BD,"2024-02-19 14:00:03.803",1,388,2
OPSSYS_BD,"2024-02-19 14:00:03.807",2,388,2
OPSSYS_BD,"2024-02-19 14:00:03.810",3,388,2
OPSSYS_BD,"2024-02-19 14:00:03.820",1,10488,2
OPSSYS_BD,"2024-02-19 14:00:03.823",2,10488,2
OPSSYS_BD,"2024-02-19 14:00:03.827",3,10488,2
OPSSYS_BD,"2024-02-19 14:00:03.830",1,10498,2
OPSSYS_BD,"2024-02-19 14:00:03.833",2,10498,2
OPSSYS_BD,"2024-02-19 14:00:03.837",3,10498,2
OPSSYS_BD,"2024-02-19 14:00:03.840",1,391,2
OPSSYS_BD,"2024-02-19 14:00:03.843",2,391,2
OPSSYS_BD,"2024-02-19 14:00:03.850",3,391,2
OPSSYS_BD,"2024-02-19 14:00:03.850",1,395,2
OPSSYS_BD,"2024-02-19 14:00:03.853",2,395,2
OPSSYS_BD,"2024-02-19 14:00:03.857",3,395,2
OPSSYS_BD,"2024-02-19 14:00:03.860",1,396,2
OPSSYS_BD,"2024-02-19 14:00:03.860",2,396,2
OPSSYS_BD,"2024-02-19 14:00:03.863",3,396,2
OPSSYS_BD,"2024-02-19 14:00:03.867",1,397,2
OPSSYS_BD,"2024-02-19 14:00:03.870",2,397,2
OPSSYS_BD,"2024-02-19 14:00:03.870",3,397,2
OPSSYS_BD,"2024-02-19 14:00:03.873",1,340,2
OPSSYS_BD,"2024-02-19 14:00:03.877",2,340,2
OPSSYS_BD,"2024-02-19 14:00:03.880",3,340,2
OPSSYS_BD,"2024-02-19 14:00:03.883",1,10434,2
OPSSYS_BD,"2024-02-19 14:00:03.887",2,10434,2
OPSSYS_BD,"2024-02-19 14:00:03.897",3,10434,2
OPSSYS_BD,"2024-02-19 14:00:03.903",1,10486,2
OPSSYS_BD,"2024-02-19 14:00:03.903",2,10486,2
OPSSYS_BD,"2024-02-19 14:00:03.907",3,10486,2
OPSSYS_BD,"2024-02-19 14:00:03.907",1,10504,2
OPSSYS_BD,"2024-02-19 14:00:03.910",2,10504,2
OPSSYS_BD,"2024-02-19 14:00:03.910",3,10504,2
OPSSYS_BD,"2024-02-19 14:00:03.910",1,10446,2
OPSSYS_BD,"2024-02-19 14:00:03.920",2,10446,2
OPSSYS_BD,"2024-02-19 14:00:03.927",3,10446,2
OPSSYS_BD,"2024-02-19 14:00:03.930",1,10447,2
OPSSYS_BD,"2024-02-19 14:00:03.930",2,10447,2
OPSSYS_BD,"2024-02-19 14:00:03.933",3,10447,2
OPSSYS_BD,"2024-02-19 14:00:03.937",1,10456,2
OPSSYS_BD,"2024-02-19 14:00:03.937",2,10456,2
OPSSYS_BD,"2024-02-19 14:00:03.940",3,10456,2
OPSSYS_BD,"2024-02-19 14:00:03.940",1,10457,2
OPSSYS_BD,"2024-02-19 14:00:03.943",2,10457,2
OPSSYS_BD,"2024-02-19 14:00:03.943",3,10457,2
OPSSYS_BD,"2024-02-19 14:00:03.970",1,10490,2
OPSSYS_BD,"2024-02-19 14:00:03.980",2,10490,2
OPSSYS_BD,"2024-02-19 14:00:03.983",3,10490,2
OPSSYS_BD,"2024-02-19 14:00:04.007",1,10491,2
OPSSYS_BD,"2024-02-19 14:00:04.037",2,10491,2
OPSSYS_BD,"2024-02-19 14:00:04.043",3,10491,2
OPSSYS_BD,"2024-02-19 14:00:04.043",1,10492,2
OPSSYS_BD,"2024-02-19 14:00:04.047",2,10492,2
OPSSYS_BD,"2024-02-19 14:00:04.047",3,10492,2
OPSSYS_BD,"2024-02-19 14:00:04.050",1,10503,2
OPSSYS_BD,"2024-02-19 14:00:04.050",2,10503,2
OPSSYS_BD,"2024-02-19 14:00:04.053",3,10503,2
OPSSYS_BD,"2024-02-19 14:00:04.053",1,10507,2
OPSSYS_BD,"2024-02-19 14:00:04.057",2,10507,2
OPSSYS_BD,"2024-02-19 14:00:04.057",3,10507,2
OPSSYS_BD,"2024-02-19 14:00:04.060",1,10506,2
OPSSYS_BD,"2024-02-19 14:00:04.067",2,10506,2
OPSSYS_BD,"2024-02-19 14:00:04.087",3,10506,2
OPSSYS_BD,"2024-02-19 14:00:04.093",1,10458,2
OPSSYS_BD,"2024-02-19 14:00:04.093",2,10458,2
OPSSYS_BD,"2024-02-19 14:00:04.097",3,10458,2
NULL,NULL,2,10541,1
NULL,NULL,3,10541,1
NULL,NULL,1,10541,1
