AUDITUSER,AUDITTIMESTAMP,ID,STATUS,METHODNAME,METHODDESC,METHODTYPE,METHODPROC,METHODGROUP,METHODACRONYM
---------,--------------,--,------,----------,----------,----------,----------,-----------,-------------
NULL,"2025-08-27 11:33:03.423",1,0,8260+OX,8260+OX,0,"",NULL,NULL
NULL,"2025-08-27 11:33:03.487",2,0,8260BOS,8260BOS,0,"",NULL,NULL
NULL,"2025-08-27 11:33:03.513",3,0,8260FA,8260FA,0,"",NULL,NULL
NULL,"2025-08-27 11:33:03.540",4,0,8260FAB,8260FAB,0,"",NULL,NULL
NULL,"2025-08-27 11:33:03.570",5,0,8260SIM,8260SIM,0,"",NULL,NULL
NULL,"2025-08-27 11:33:03.600",6,0,8260TPB,8260TPB,0,"",NULL,NULL
NULL,"2025-08-27 11:33:03.627",7,0,8260TPH,8260TPH,0,"",NULL,NULL
NULL,"2025-08-27 11:33:03.657",8,0,8270COS,8270COS,0,"",NULL,NULL
NULL,"2025-08-27 11:33:03.690",9,0,8270SIM,8270SIM,0,"",NULL,NULL
NULL,"2025-08-27 11:33:03.713",10,0,AK101E,AK101E,0,"",NULL,NULL
NULL,"2025-08-27 11:33:03.740",11,0,AK102_3,AK102_3,0,"",NULL,NULL
NULL,"2025-08-27 11:33:03.770",12,0,AK102E,AK102E,0,"",NULL,NULL
NULL,"2025-08-27 11:33:03.800",13,0,AK103,AK103,0,"",NULL,NULL
NULL,"2025-08-27 11:33:03.827",14,0,BTSNTOT,BTSNTOT,0,"",NULL,NULL
NULL,"2025-08-27 11:33:03.860",15,0,CL272.2,CL272.2,0,"",NULL,NULL
NULL,"2025-08-27 11:33:03.887",16,0,CL273.1,CL273.1,0,"",NULL,NULL
NULL,"2025-08-27 11:33:03.913",17,0,CL279.2,CL279.2,0,"",NULL,NULL
NULL,"2025-08-27 11:33:03.940",18,0,CL335.2,CL335.2,0,"",NULL,NULL
NULL,"2025-08-27 11:33:03.967",19,0,E120.1,E120.1,0,"",NULL,NULL
NULL,"2025-08-27 11:33:03.993",20,0,E160.5,E160.5,0,"",NULL,NULL
NULL,"2025-08-27 11:33:04.020",21,0,E1600,E1600,0,"",NULL,NULL
NULL,"2025-08-27 11:33:04.043",22,0,E1613A,E1613A,0,"",NULL,NULL
NULL,"2025-08-27 11:33:04.070",23,0,E1613B,E1613B,0,"",NULL,NULL
NULL,"2025-08-27 11:33:04.097",24,0,E1624,E1624,0,"",NULL,NULL
NULL,"2025-08-27 11:33:04.120",25,0,E1625C,E1625C,0,"",NULL,NULL
NULL,"2025-08-27 11:33:04.150",26,0,E1639,E1639,0,"",NULL,NULL
NULL,"2025-08-27 11:33:04.180",27,0,E170.1,E170.1,0,"",NULL,NULL
NULL,"2025-08-27 11:33:04.203",28,0,E180.1,E180.1,0,"",NULL,NULL
NULL,"2025-08-27 11:33:04.240",29,0,E200.7,E200.7,0,"",NULL,NULL
NULL,"2025-08-27 11:33:04.263",30,0,E206.4,E206.4,0,"",NULL,NULL
NULL,"2025-08-27 11:33:04.293",31,0,E270.3,E270.3,0,"",NULL,NULL
NULL,"2025-08-27 11:33:04.327",32,0,E272.1,E272.1,0,"",NULL,NULL
NULL,"2025-08-27 11:33:04.357",33,0,E272.2,E272.2,0,"",NULL,NULL
NULL,"2025-08-27 11:33:04.383",34,0,E273.1,E273.1,0,"",NULL,NULL
NULL,"2025-08-27 11:33:04.420",35,0,E273.2,E273.2,0,"",NULL,NULL
NULL,"2025-08-27 11:33:04.453",36,0,E279.2,E279.2,0,"",NULL,NULL
NULL,"2025-08-27 11:33:04.483",37,0,E282.1,E282.1,0,"",NULL,NULL
NULL,"2025-08-27 11:33:04.527",38,0,E283.1,E283.1,0,"",NULL,NULL
NULL,"2025-08-27 11:33:04.563",39,0,E283.2,E283.2,0,"",NULL,NULL
NULL,"2025-08-27 11:33:04.593",40,0,E286.1,E286.1,0,"",NULL,NULL
NULL,"2025-08-27 11:33:04.630",41,0,E286.2,E286.2,0,"",NULL,NULL
NULL,"2025-08-27 11:33:04.660",42,0,E289.1,E289.1,0,"",NULL,NULL
NULL,"2025-08-27 11:33:04.693",43,0,E289.2,E289.2,0,"",NULL,NULL
NULL,"2025-08-27 11:33:04.720",44,0,E300.0,E3000,0,"",NULL,NULL
NULL,"2025-08-27 11:33:04.750",45,0,E335.2,E335.2,0,"",NULL,NULL
NULL,"2025-08-27 11:33:04.780",46,0,E335.3,E335.3,0,"",NULL,NULL
NULL,"2025-08-27 11:33:04.807",47,0,E335.4,E335.4,0,"",NULL,NULL
NULL,"2025-08-27 11:33:04.840",48,0,E370.1,E370.1,0,"",NULL,NULL
NULL,"2025-08-27 11:33:04.867",49,0,E375.1,E375.1,0,"",NULL,NULL
NULL,"2025-08-27 11:33:04.900",50,0,E375.2,E375.2,0,"",NULL,NULL
NULL,"2025-08-27 11:33:04.923",51,0,E375.3,E375.3,0,"",NULL,NULL
NULL,"2025-08-27 11:33:04.950",52,0,E375.4,E375.4,0,"",NULL,NULL
NULL,"2025-08-27 11:33:04.977",53,0,E376.1,E376.1,0,"",NULL,NULL
NULL,"2025-08-27 11:33:05.007",54,0,E376.2,E376.2,0,"",NULL,NULL
NULL,"2025-08-27 11:33:05.040",55,0,E377.1,E377.1,0,"",NULL,NULL
NULL,"2025-08-27 11:33:05.113",56,0,E415.1,E415.1,0,"",NULL,NULL
NULL,"2025-08-27 11:33:05.143",57,0,E415.2,E415.2,0,"",NULL,NULL
NULL,"2025-08-27 11:33:05.173",58,0,E415.3,E415.3,0,"",NULL,NULL
NULL,"2025-08-27 11:33:05.200",59,0,E420.4,E420.4,0,"",NULL,NULL
NULL,"2025-08-27 11:33:05.227",60,0,E502.2,E502.2,0,"",NULL,NULL
NULL,"2025-08-27 11:33:05.257",61,0,E525.1M,E525.1M,0,"",NULL,NULL
NULL,"2025-08-27 11:33:05.293",62,0,E526,E526,0,"",NULL,NULL
NULL,"2025-08-27 11:33:05.323",63,0,E619,E619,0,"",NULL,NULL
NULL,"2025-08-27 11:33:05.383",64,0,E624,E624,0,"",NULL,NULL
NULL,"2025-08-27 11:33:05.450",65,0,E906.0,E906.0,0,"",NULL,NULL
NULL,"2025-08-27 11:33:05.480",66,0,"EPA 524.2",E524.2,0,1,NULL,NULL
NULL,"2025-08-27 11:33:05.513",67,0,MAEPH,MAEPH,0,"",NULL,NULL
NULL,"2025-08-27 11:33:05.540",68,0,MAVPH,MAVPH,0,"",NULL,NULL
NULL,"2025-08-27 11:33:05.567",69,0,NWTPHDX,NWTPHDX,0,"",NULL,NULL
NULL,"2025-08-27 11:33:05.590",70,0,NWTPHGX,NWTPHGX,0,"",NULL,NULL
NULL,"2025-08-27 11:33:05.620",71,0,NWTPHHC,NWTPHHC,0,"",NULL,NULL
NULL,"2025-08-27 11:33:05.643",72,0,OHCID,OHCID,0,"",NULL,NULL
NULL,"2025-08-27 11:33:05.670",73,0,OPHC,OPHC,0,"",NULL,NULL
NULL,"2025-08-27 11:33:05.697",74,0,OTPH-D,OTPH-D,0,"",NULL,NULL
NULL,"2025-08-27 11:33:05.730",75,0,OTPH-G,OTPH-G,0,"",NULL,NULL
NULL,"2025-08-27 11:33:05.760",76,0,"SM 10200H",A10200H,0,"",NULL,NULL
NULL,"2025-08-27 11:33:05.787",77,0,"SM 1030F1",A1030F1,0,"",NULL,NULL
NULL,"2025-08-27 11:33:05.817",78,0,"SM 210B",A210B,0,"",NULL,NULL
NULL,"2025-08-27 11:33:05.843",79,0,"SM 2120B",A2120B,0,1,NULL,NULL
NULL,"2025-08-27 11:33:05.870",80,0,"SM 2120C",A2120C,0,1,NULL,NULL
NULL,"2025-08-27 11:33:05.900",81,0,"SM 2130B",A2130B,0,1,NULL,NULL
NULL,"2025-08-27 11:33:05.930",82,0,"SM 2150B",A2150B,0,"",NULL,NULL
NULL,"2025-08-27 11:33:05.957",83,0,"SM 2310B",A2310B,0,"",NULL,NULL
NULL,"2025-08-27 11:33:05.987",84,0,"SM 2320B",A2320B,0,1,NULL,NULL
NULL,"2025-08-27 11:33:06.013",85,0,"SM 2330B",A2330B,0,"",NULL,NULL
NULL,"2025-08-27 11:33:06.043",86,0,"SM 2340 B",A2340B,0,1,NULL,NULL
NULL,"2025-08-27 11:33:06.073",87,0,"SM 2340C",A2340C,0,"",NULL,NULL
NULL,"2025-08-27 11:33:06.100",88,0,"SM 2510B",A2510B,0,1,NULL,NULL
NULL,"2025-08-27 11:33:06.130",89,0,"SM 2520B",A2520B,0,"",NULL,NULL
NULL,"2025-08-27 11:33:06.163",90,0,"SM 2540B",A2540B,0,1,NULL,NULL
NULL,"2025-08-27 11:33:06.197",91,0,"SM 2540C",A2540C,0,1,NULL,NULL
NULL,"2025-08-27 11:33:06.230",92,0,"SM 2540D",A2540D,0,1,NULL,NULL
NULL,"2025-08-27 11:33:06.257",93,0,"SM 2540E",A2540E,0,1,NULL,NULL
NULL,"2025-08-27 11:33:06.283",94,0,"SM 2540F",A2540F,0,1,NULL,NULL
NULL,"2025-08-27 11:33:06.310",95,0,"SM 2540G",A2540G,0,"",NULL,NULL
NULL,"2025-08-27 11:33:06.337",96,0,"SM 2550B",A2550B,0,"",NULL,NULL
NULL,"2025-08-27 11:33:06.367",97,0,"SM 2580B",A2580B,0,"",NULL,NULL
NULL,"2025-08-27 11:33:06.393",98,0,"SM 2710",A2710,0,"",NULL,NULL
NULL,"2025-08-27 11:33:06.423",99,0,"SM 2710F",A2710F,0,"",NULL,NULL
NULL,"2025-08-27 11:33:06.453",100,0,"SM 3111B",A3111B,0,"",NULL,NULL
NULL,"2025-08-27 11:33:06.480",101,0,"SM 3112B",A3112B,0,"",NULL,NULL
NULL,"2025-08-27 11:33:06.510",102,0,"SM 3113",A3113,0,"",NULL,NULL
NULL,"2025-08-27 11:33:06.550",103,0,"SM 3113B",A3113B,0,"",NULL,NULL
NULL,"2025-08-27 11:33:06.583",104,0,"SM 3114B",A3114B,0,"",NULL,NULL
NULL,"2025-08-27 11:33:06.613",105,0,"SM 3500CD",A3500CD,0,"",NULL,NULL
NULL,"2025-08-27 11:33:06.643",106,0,"SM 3500FD",A3500FD,0,"",NULL,NULL
NULL,"2025-08-27 11:33:06.670",107,0,"SM 3500FE",A3500FE,0,"",NULL,NULL
NULL,"2025-08-27 11:33:06.703",108,0,"SM 4110B",A4110B,0,"",NULL,NULL
NULL,"2025-08-27 11:33:06.737",109,0,"SM 4500B",A4500B,0,"",NULL,NULL
NULL,"2025-08-27 11:33:06.770",110,0,"SM 4500BB",A4500BB,0,"",NULL,NULL
NULL,"2025-08-27 11:33:06.803",111,0,"SM 4500C",A4500C,0,"",NULL,NULL
NULL,"2025-08-27 11:33:06.840",112,0,"SM 4500CC",A4500CC,0,"",NULL,NULL
NULL,"2025-08-27 11:33:06.873",113,0,"SM 4500CE",A4500CE,0,"",NULL,NULL
NULL,"2025-08-27 11:33:06.937",114,0,"SM 4500-CL",A4500CL,0,1,NULL,NULL
NULL,"2025-08-27 11:33:06.973",115,0,"SM 4500CN",A4500CN,0,"",NULL,NULL
NULL,"2025-08-27 11:33:07.107",116,0,"SM 4500-CO2 C","SM 4500-CO2 C",0,"",NULL,NULL
NULL,"2025-08-27 11:33:07.227",117,0,"SM 4500DSM ",A4500DA,0,"",NULL,NULL
NULL,"2025-08-27 11:33:07.347",118,0,"SM 4500E",A4500E,0,"",NULL,NULL
NULL,"2025-08-27 11:33:07.427",119,0,"SM 4500F",A4500F,0,"",NULL,NULL
NULL,"2025-08-27 11:33:07.477",120,0,"SM 4500-F C",A4500FC,0,1,NULL,NULL
NULL,"2025-08-27 11:33:07.507",121,0,"SM 4500H",A4500H,0,"",NULL,NULL
NULL,"2025-08-27 11:33:07.533",122,0,"SM 4500HB",A4500HB,0,"",NULL,NULL
NULL,"2025-08-27 11:33:07.630",123,0,"SM 4500I",A4500I,0,"",NULL,NULL
NULL,"2025-08-27 11:33:07.663",124,0,"SM 4500M",A4500M,0,"",NULL,NULL
NULL,"2025-08-27 11:33:07.697",125,0,"SM 4500NC",A4500NC,0,"",NULL,NULL
NULL,"2025-08-27 11:33:07.730",126,0,"SM 4500ND",A4500ND,0,"",NULL,NULL
NULL,"2025-08-27 11:33:07.763",127,0,"SM 4500-NH3C",A4500NH,0,1,NULL,NULL
NULL,"2025-08-27 11:33:07.807",128,0,"SM 4500-NO3E",A4500NO3E,0,"",NULL,NULL
NULL,"2025-08-27 11:33:07.847",129,0,"SM 4500-NorgB",A4500NB,0,1,NULL,NULL
NULL,"2025-08-27 11:33:07.873",130,0,"SM 4500NSM ",A4500NA,0,"",NULL,NULL
NULL,"2025-08-27 11:33:07.900",131,0,"SM 4500-O G",A4500OG,0,1,NULL,NULL
NULL,"2025-08-27 11:33:07.927",132,0,"SM 4500-P E",A4500PE,0,"",NULL,NULL
NULL,"2025-08-27 11:33:07.953",133,0,"SM 4500-pH B",A4500pHB,0,"",NULL,NULL
NULL,"2025-08-27 11:33:07.980",134,0,"SM 4500SB",A4500SB,0,"",NULL,NULL
NULL,"2025-08-27 11:33:08.007",135,0,"SM 4500SD",A4500SD,0,"",NULL,NULL
NULL,"2025-08-27 11:33:08.033",136,0,"SM 4500SE",A4500SE,0,"",NULL,NULL
NULL,"2025-08-27 11:33:08.060",137,0,"SM 4500SF",A4500SF,0,"",NULL,NULL
NULL,"2025-08-27 11:33:08.090",138,0,"SM 4500SH",A4500SH,0,"",NULL,NULL
NULL,"2025-08-27 11:33:08.120",139,0,"SM 4500-SI D",A4500SID,0,"",NULL,NULL
NULL,"2025-08-27 11:33:08.147",140,0,"SM 5210B",A5210,0,"",NULL,NULL
NULL,"2025-08-27 11:33:08.173",141,0,"SM 5220B",A5220B,0,1,NULL,NULL
NULL,"2025-08-27 11:33:08.200",142,0,"SM 5220D",A5220D,0,"",NULL,NULL
NULL,"2025-08-27 11:33:08.230",143,0,"SM 5310B",A5310B,0,1,NULL,NULL
NULL,"2025-08-27 11:33:08.260",144,0,"SM 5310C",A5310C,0,"",NULL,NULL
NULL,"2025-08-27 11:33:08.290",145,0,"SM 5520B",A5520B,0,"",NULL,NULL
NULL,"2025-08-27 11:33:08.317",146,0,"SM 5520C",A5520C,0,"",NULL,NULL
NULL,"2025-08-27 11:33:08.343",147,0,"SM 5520D",A5520D,0,"",NULL,NULL
NULL,"2025-08-27 11:33:08.370",148,0,"SM 5520E",A5520E,0,"",NULL,NULL
NULL,"2025-08-27 11:33:08.407",149,0,"SM 5520F",A5520F,0,"",NULL,NULL
NULL,"2025-08-27 11:33:08.433",150,0,"SM 5540C",A5540C,0,"",NULL,NULL
NULL,"2025-08-27 11:33:08.460",151,0,"SM 5540SM ",A5540A,0,"",NULL,NULL
NULL,"2025-08-27 11:33:08.487",152,0,"SM 5550B",A5550B,0,"",NULL,NULL
NULL,"2025-08-27 11:33:08.510",153,0,"SM 5910B",A5910B,0,"",NULL,NULL
NULL,"2025-08-27 11:33:08.540",154,0,"SM 7110B",A7110B,0,"",NULL,NULL
NULL,"2025-08-27 11:33:08.563",155,0,"SM 9215B",A9215B,0,"",NULL,NULL
NULL,"2025-08-27 11:33:08.607",156,0,"SM 9215C",A9215C,0,"",NULL,NULL
NULL,"2025-08-27 11:33:08.650",157,0,"SM 9215D",A9215D,0,"",NULL,NULL
NULL,"2025-08-27 11:33:08.690",158,0,"SM 9221B",A9221B,0,"",NULL,NULL
NULL,"2025-08-27 11:33:08.737",159,0,"SM 9221BE",A9221BE,0,"",NULL,NULL
NULL,"2025-08-27 11:33:08.790",160,0,"SM 9221E",A9221E,0,"",NULL,NULL
NULL,"2025-08-27 11:33:08.827",161,0,"SM 9222B",A9222B,0,1,NULL,NULL
NULL,"2025-08-27 11:33:08.867",162,0,"SM 9222D",A9222D,0,1,NULL,NULL
NULL,"2025-08-27 11:33:08.917",163,0,"SM 9223B",A9223B,0,1,NULL,NULL
NULL,"2025-08-27 11:33:08.960",164,0,"SM 9230B",A9230B,0,1,NULL,NULL
NULL,"2025-08-27 11:33:09.000",165,0,"SM 9240D",A9240D,0,"",NULL,NULL
NULL,"2025-08-27 11:33:09.047",166,0,"SM 9260D",A9260D,0,"",NULL,NULL
NULL,"2025-08-27 11:33:09.087",167,0,SW1020A,SW1020A,0,"",NULL,NULL
NULL,"2025-08-27 11:33:09.120",168,0,SW7.1,SW7.1,0,"",NULL,NULL
NULL,"2025-08-27 11:33:09.150",169,0,SW7.2,SW7.2,0,"",NULL,NULL
NULL,"2025-08-27 11:33:09.180",170,0,SW7.3,SW7.3,0,"",NULL,NULL
NULL,"2025-08-27 11:33:09.213",171,0,SW7742,SW7742,0,"",NULL,NULL
NULL,"2025-08-27 11:33:09.247",172,0,SW7760A,SW7760A,0,"",NULL,NULL
NULL,"2025-08-27 11:33:09.280",173,0,SW7761,SW7761,0,"",NULL,NULL
NULL,"2025-08-27 11:33:09.310",174,0,SW7770,SW7770,0,"",NULL,NULL
NULL,"2025-08-27 11:33:09.340",175,0,SW7780,SW7780,0,"",NULL,NULL
NULL,"2025-08-27 11:33:09.393",176,0,SW7840,SW7840,0,"",NULL,NULL
NULL,"2025-08-27 11:33:09.443",177,0,SW7841,SW7841,0,"",NULL,NULL
NULL,"2025-08-27 11:33:09.480",178,0,SW7870,SW7870,0,"",NULL,NULL
NULL,"2025-08-27 11:33:09.520",179,0,SW7910,SW7910,0,"",NULL,NULL
NULL,"2025-08-27 11:33:09.557",180,0,SW7911,SW7911,0,"",NULL,NULL
NULL,"2025-08-27 11:33:09.590",181,0,SW7950,SW7950,0,"",NULL,NULL
NULL,"2025-08-27 11:33:09.620",182,0,SW7951,SW7951,0,"",NULL,NULL
NULL,"2025-08-27 11:33:09.647",183,0,SW8021F,SW8021F,0,"",NULL,NULL
NULL,"2025-08-27 11:33:09.677",184,0,SW8240B,SW8240B,0,"",NULL,NULL
NULL,"2025-08-27 11:33:09.707",185,0,SW8260B,SW8260B,0,"",NULL,NULL
NULL,"2025-08-27 11:33:09.733",186,0,SW8270C,SW8270C,0,"",NULL,NULL
NULL,"2025-08-27 11:33:09.760",187,0,SW8321A,SW8321A,0,"",NULL,NULL
NULL,"2025-08-27 11:33:09.787",188,0,SW9010B,SW9010B,0,"",NULL,NULL
NULL,"2025-08-27 11:33:09.810",189,0,SW9012A,SW9012A,0,"",NULL,NULL
NULL,"2025-08-27 11:33:09.833",190,0,SW9014,SW9014,0,"",NULL,NULL
NULL,"2025-08-27 11:33:09.863",191,0,SW9034,SW9034,0,"",NULL,NULL
NULL,"2025-08-27 11:33:09.893",192,0,SW9038,SW9038,0,"",NULL,NULL
NULL,"2025-08-27 11:33:09.927",193,0,SW9045C,SW9045C,0,"",NULL,NULL
NULL,"2025-08-27 11:33:09.957",194,0,SW9050A,SW9050A,0,"",NULL,NULL
NULL,"2025-08-27 11:33:09.987",195,0,SW9060,SW9060,0,"",NULL,NULL
NULL,"2025-08-27 11:33:10.017",196,0,SW9076,SW9076,0,"",NULL,NULL
NULL,"2025-08-27 11:33:10.047",197,0,SW9077,SW9077,0,"",NULL,NULL
NULL,"2025-08-27 11:33:10.077",198,0,SW9131,SW9131,0,"",NULL,NULL
NULL,"2025-08-27 11:33:10.107",199,0,SW9132,SW9132,0,"",NULL,NULL
NULL,"2025-08-27 11:33:10.137",200,0,USDA60,USDA60,0,"",NULL,NULL
NULL,"2025-08-27 11:33:10.163",201,0,WBLACK,WBLACK,0,"",NULL,NULL
NULL,"2025-08-27 11:33:10.190",202,0,WDOEEPH,WDOEEPH,0,"",NULL,NULL
NULL,"2025-08-27 11:33:10.220",203,0,WDOEVPH,WDOEVPH,0,"",NULL,NULL
NULL,"2025-08-27 11:33:10.247",204,0,WHCID,WHCID,0,"",NULL,NULL
NULL,"2025-08-27 11:33:10.283",205,0,WITEMP,WITEMP,0,"",NULL,NULL
NULL,"2025-08-27 11:33:10.313",206,0,WPHC,WPHC,0,"",NULL,NULL
NULL,"2025-08-27 11:33:10.347",207,0,WTPH-D,WTPH-D,0,"",NULL,NULL
NULL,"2025-08-27 11:33:10.380",208,0,WTPH-G,WTPH-G,0,"",NULL,NULL
